symbol,name,exchange,fee,network,price_usd,krw_fee
BTC,비트코인,Upbit,0.0008,,82622,99146.40000000001
ETH,이더리움,Upbit,0.009,,1817.64,24538.14
XRP,리플,Upbit,0.4,,2.14,1284.0
USDT,테더,Upbit,0,,0.99961,0.0
SOL,솔라나,Upbit,0.015,,125.33,2819.9249999999997
ADA,카르다노,Upbit,1,,0.669836,1004.754
DOGE,도지코인,Upbit,2,,0.169259,507.777
LINK,체인링크,Upbit,0.25,,13.6,5100.0
DOT,폴카닷,Upbit,0.14,,4.08,856.8000000000001
AVAX,아발란체,Upbit,0.005,,19.18,143.85
MATIC,폴리곤,Upbit,1.5,,0.203843,458.64675
SHIB,시바이누,Upbit,32000,,1.255e-05,602.4000000000001
TRX,트론,Upbit,2,,0.232176,696.528
ATOM,코스모스,Upbit,0.015,,4.3,96.75
XLM,스텔라루멘,Upbit,0.1,,0.269132,40.3698
VET,비체인,Upbit,30,,0.02285314,1028.3913
NEAR,니어프로토콜,Upbit,0.04,,2.63,157.8
ALGO,알고랜드,Upbit,0.1,,0.182011,27.301650000000002
ETC,이더리움클래식,Upbit,0.1,,16.63,2494.5
XTZ,테조스,Upbit,0.05,,0.654854,49.114050000000006
NEO,NEO,Upbit,0.01,,5.99,89.85000000000001
MTL,MTL,Upbit,0.01,,0,0.0
SNT,SNT,Upbit,0.01,,0,0.0
WAVES,WAVES,Upbit,0.01,,0,0.0
XEM,XEM,Upbit,0.01,,0,0.0
QTUM,QTUM,Upbit,0.1,,0,0.0
LSK,LSK,Upbit,0.01,,0,0.0
STEEM,STEEM,Upbit,0.01,,0,0.0
ARDR,ARDR,Upbit,0.01,,0,0.0
ARK,ARK,Upbit,0.01,,0,0.0
STORJ,STORJ,Upbit,0.01,,0,0.0
GRS,GRS,Upbit,0.01,,0,0.0
POWR,POWR,Upbit,0.01,,0,0.0
ICX,ICX,Upbit,0.01,,0,0.0
EOS,EOS,Upbit,0.01,,0.590895,8.863425
SC,SC,Upbit,0.01,,0,0.0
ONT,ONT,Upbit,0.01,,0,0.0
ZIL,ZIL,Upbit,0.2,,0.01123304,3.3699120000000002
POLYX,POLYX,Upbit,0.01,,0,0.0
ZRX,ZRX,Upbit,0.01,,0,0.0
LOOM,LOOM,Upbit,0.01,,0,0.0
BCH,BCH,Upbit,0.01,,302.49,4537.35
BAT,BAT,Upbit,0.2,,0,0.0
IOST,IOST,Upbit,0.01,,0,0.0
CVC,CVC,Upbit,0.01,,0,0.0
IQ,IQ,Upbit,0.01,,0,0.0
IOTA,IOTA,Upbit,0.01,,0.172939,2.594085
HIFI,HIFI,Upbit,0.01,,0,0.0
ONG,ONG,Upbit,0.01,,0,0.0
GAS,GAS,Upbit,0.01,,0,0.0
BOUNTY,BOUNTY,Upbit,0.01,,0,0.0
ELF,ELF,Upbit,0.01,,0,0.0
KNC,KNC,Upbit,0.01,,0,0.0
BSV,BSV,Upbit,0.01,,31.94,479.1
THETA,THETA,Upbit,0.01,,0.821515,12.322725
QKC,QKC,Upbit,0.01,,0,0.0
BTT,BTT,Upbit,0.01,,6.75971e-07,1.0139565000000001e-05
MOC,MOC,Upbit,0.01,,0,0.0
TFUEL,TFUEL,Upbit,0.01,,0.03579953,0.53699295
MANA,MANA,Upbit,0.1,,0.245745,36.86175
ANKR,ANKR,Upbit,0.01,,0,0.0
AERGO,AERGO,Upbit,0.01,,0,0.0
TT,TT,Upbit,0.01,,0,0.0
GAME2,GAME2,Upbit,0.01,,0,0.0
MBL,MBL,Upbit,0.01,,0,0.0
WAXP,WAXP,Upbit,0.01,,0,0.0
HBAR,HBAR,Upbit,0.01,,0.170421,2.556315
MED,MED,Upbit,0.01,,0,0.0
MLK,MLK,Upbit,0.01,,0,0.0
STPT,STPT,Upbit,0.01,,0,0.0
ORBS,ORBS,Upbit,0.01,,0,0.0
CHZ,CHZ,Upbit,0.2,,0.04221656,12.664968000000002
STMX,STMX,Upbit,0.01,,0,0.0
DKA,DKA,Upbit,0.01,,0,0.0
HIVE,HIVE,Upbit,0.01,,0,0.0
KAVA,KAVA,Upbit,0.2,,0.426248,127.87440000000002
AHT,AHT,Upbit,0.01,,0,0.0
BORA,BORA,Upbit,0.01,,0,0.0
JST,JST,Upbit,0.01,,0.03086259,0.46293884999999996
CRO,CRO,Upbit,0.2,,0.104699,31.4097
TOKAMAK,TOKAMAK,Upbit,0.01,,0,0.0
SXP,SXP,Upbit,0.01,,0,0.0
HUNT,HUNT,Upbit,0.01,,0,0.0
MVL,MVL,Upbit,0.01,,0,0.0
STRAX,STRAX,Upbit,0.01,,0,0.0
AQT,AQT,Upbit,0.01,,0,0.0
GLM,GLM,Upbit,0.01,,0.260325,3.9048749999999997
META,META,Upbit,0.01,,0,0.0
FCT2,FCT2,Upbit,0.01,,0,0.0
CBK,CBK,Upbit,0.01,,0,0.0
SAND,SAND,Upbit,0.1,,0.270629,40.594350000000006
HPO,HPO,Upbit,0.01,,0,0.0
STRIKE,STRIKE,Upbit,0.01,,0,0.0
PUNDIX,PUNDIX,Upbit,0.1,,0,0.0
FLOW,FLOW,Upbit,0.1,,0.383754,57.5631
AXS,AXS,Upbit,0.2,,2.94,882.0
STX,STX,Upbit,0.01,,0.622717,9.340755
XEC,XEC,Upbit,0.01,,2.009e-05,0.00030135
POL,POL,Upbit,0.01,,0.203592,3.05388
AAVE,AAVE,Upbit,0.01,,164.97,2474.55
1INCH,1INCH,Upbit,0.01,,0.189902,2.8485300000000002
T,T,Upbit,0.01,,0,0.0
CELO,CELO,Upbit,0.01,,0,0.0
GMT,GMT,Upbit,0.01,,0,0.0
APT,APT,Upbit,0.01,,5.38,80.7
MASK,MASK,Upbit,0.2,,2.18,654.0000000000001
ARB,ARB,Upbit,0.01,,0.333537,5.003055
EGLD,EGLD,Upbit,0.01,,16.62,249.3
SUI,SUI,Upbit,0.01,,2.35,35.25
GRT,GRT,Upbit,0.01,,0.089809,1.3471350000000002
BLUR,BLUR,Upbit,0.01,,0.104295,1.564425
IMX,IMX,Upbit,0.01,,0.540514,8.10771
SEI,SEI,Upbit,0.01,,0.178023,2.6703449999999997
MINA,MINA,Upbit,0.01,,0.244998,3.67497
CTC,CTC,Upbit,0.01,,0.637414,9.56121
ASTR,ASTR,Upbit,0.1,,0.0302859,4.542885000000001
ID,ID,Upbit,0.01,,0,0.0
PYTH,PYTH,Upbit,0.01,,0.147583,2.213745
MNT,MNT,Upbit,0.01,,0.793111,11.896665
AKT,AKT,Upbit,0.01,,1.22,18.3
ZETA,ZETA,Upbit,0.01,,0.296568,4.44852
AUCTION,AUCTION,Upbit,0.01,,0,0.0
STG,STG,Upbit,0.01,,0,0.0
BEAM,BEAM,Upbit,0.01,,0.00745496,0.1118244
TAIKO,TAIKO,Upbit,0.01,,0,0.0
ONDO,ONDO,Upbit,0.01,,0.798035,11.970525
ZRO,ZRO,Upbit,0.01,,2.81,42.15
BLAST,BLAST,Upbit,0.01,,0,0.0
JUP,JUP,Upbit,0.01,,0.484509,7.267635
ENS,ENS,Upbit,0.01,,15.91,238.65
G,G,Upbit,0.01,,0,0.0
PENDLE,PENDLE,Upbit,0.01,,2.51,37.65
ATH,ATH,Upbit,0.01,,0.03043723,0.45655845
USDC,USDC,Upbit,0.01,,0.999728,14.995919999999998
UXLINK,UXLINK,Upbit,0.01,,0,0.0
BIGTIME,BIGTIME,Upbit,0.01,,0,0.0
CKB,CKB,Upbit,0.01,,0.00483985,0.07259775
W,W,Upbit,0.01,,0.084851,1.272765
CARV,CARV,Upbit,0.01,,0,0.0
INJ,INJ,Upbit,0.01,,8.81,132.15
MEW,MEW,Upbit,0.01,,0.00266714,0.0400071
UNI,UNI,Upbit,0.01,,5.94,89.10000000000001
SAFE,SAFE,Upbit,0.01,,0.551944,8.27916
DRIFT,DRIFT,Upbit,0.01,,0,0.0
AGLD,AGLD,Upbit,0.01,,0,0.0
PEPE,PEPE,Upbit,0.01,,7.06e-06,0.00010590000000000001
BONK,BONK,Upbit,0.01,,1.139e-05,0.00017085
RENDER,RENDER,Upbit,0.01,,3.51,52.65
MOVE,MOVE,Upbit,0.01,,0.431589,6.473835
ME,ME,Upbit,0.01,,0,0.0
MOCA,MOCA,Upbit,0.01,,0,0.0
VANA,VANA,Upbit,0.01,,0,0.0
SONIC,SONIC,Upbit,0.01,,0,0.0
VTHO,VTHO,Upbit,0.01,,0,0.0
ANIME,ANIME,Upbit,0.01,,0,0.0
VIRTUAL,VIRTUAL,Upbit,0.01,,0.617563,9.263444999999999
BERA,BERA,Upbit,0.01,,7.32,109.8
LAYER,LAYER,Upbit,0.01,,1.56,23.400000000000002
TRUMP,TRUMP,Upbit,0.01,,10.17,152.55
JTO,JTO,Upbit,0.01,,2.21,33.15
COW,COW,Upbit,0.01,,0,0.0
KAITO,KAITO,Upbit,0.01,,1.069,16.035
ARKM,ARKM,Upbit,0.01,,0.546928,8.20392
ORCA,ORCA,Upbit,0.01,,0,0.0
WAL,WAL,Upbit,0.01,,0.40937,6.140550000000001
BTC,비트코인,Bithumb,0.0008,,82622,99146.40000000001
ETH,이더리움,Bithumb,0,,1817.64,0.0
XRP,리플,Bithumb,0.4,,2.14,1284.0
USDT,테더,Bithumb,0,,0.99961,0.0
SOL,솔라나,Bithumb,0.01,,125.33,1879.95
ADA,카르다노,Bithumb,0.5,,0.669836,502.377
DOGE,도지코인,Bithumb,5,,0.169259,1269.4424999999999
LINK,체인링크,Bithumb,0.4,,13.6,8160.0
DOT,폴카닷,Bithumb,0.1,,4.08,612.0
AVAX,아발란체,Bithumb,0.01,,19.18,287.7
MATIC,폴리곤,Bithumb,1,,0.203843,305.7645
SHIB,시바이누,Bithumb,50000,,1.255e-05,941.2500000000001
TRX,트론,Bithumb,1,,0.232176,348.264
ATOM,코스모스,Bithumb,0.01,,4.3,64.5
XLM,스텔라루멘,Bithumb,0.01,,0.269132,4.03698
VET,비체인,Bithumb,20,,0.02285314,685.5942
NEAR,니어프로토콜,Bithumb,0.01,,2.63,39.45
ALGO,알고랜드,Bithumb,0.1,,0.182011,27.301650000000002
ETC,이더리움클래식,Bithumb,0.01,,16.63,249.45000000000002
XTZ,테조스,Bithumb,0.1,,0.654854,98.22810000000001
BCH,BCH,Bithumb,0.01,,302.49,4537.35
QTUM,QTUM,Bithumb,0.2,,0,0.0
EOS,EOS,Bithumb,0.01,,0.590895,8.863425
ICX,ICX,Bithumb,0.01,,0,0.0
ELF,ELF,Bithumb,0.01,,0,0.0
KNC,KNC,Bithumb,0.01,,0,0.0
GLM,GLM,Bithumb,0.01,,0.260325,3.9048749999999997
ZIL,ZIL,Bithumb,0.2,,0.01123304,3.3699120000000002
WAXP,WAXP,Bithumb,0.01,,0,0.0
POWR,POWR,Bithumb,0.01,,0,0.0
LRC,LRC,Bithumb,0.01,,0,0.0
STEEM,STEEM,Bithumb,0.01,,0,0.0
ZRX,ZRX,Bithumb,0.01,,0,0.0
SNT,SNT,Bithumb,0.01,,0,0.0
CTXC,CTXC,Bithumb,0.01,,0,0.0
BAT,BAT,Bithumb,0.2,,0,0.0
THETA,THETA,Bithumb,0.01,,0.821515,12.322725
LOOM,LOOM,Bithumb,0.01,,0,0.0
CVC,CVC,Bithumb,0.01,,0,0.0
WAVES,WAVES,Bithumb,0.01,,0,0.0
ENJ,ENJ,Bithumb,0.01,,0,0.0
MTL,MTL,Bithumb,0.01,,0,0.0
IOST,IOST,Bithumb,0.01,,0,0.0
AMO,AMO,Bithumb,0.01,,0,0.0
BSV,BSV,Bithumb,0.01,,31.94,479.1
ORBS,ORBS,Bithumb,0.01,,0,0.0
TFUEL,TFUEL,Bithumb,0.01,,0.03579953,0.53699295
ANKR,ANKR,Bithumb,0.01,,0,0.0
MIX,MIX,Bithumb,0.01,,0,0.0
CRO,CRO,Bithumb,0.01,,0.104699,1.570485
CHR,CHR,Bithumb,0.01,,0,0.0
MBL,MBL,Bithumb,0.01,,0,0.0
FCT2,FCT2,Bithumb,0.01,,0,0.0
WOM,WOM,Bithumb,0.01,,0,0.0
BOA,BOA,Bithumb,0.01,,0,0.0
MEV,MEV,Bithumb,0.01,,0,0.0
SXP,SXP,Bithumb,0.01,,0,0.0
COS,COS,Bithumb,0.01,,0,0.0
EL,EL,Bithumb,0.01,,0,0.0
HIVE,HIVE,Bithumb,0.01,,0,0.0
XPR,XPR,Bithumb,0.01,,0,0.0
EGG,EGG,Bithumb,0.01,,0,0.0
BORA,BORA,Bithumb,0.01,,0,0.0
ARPA,ARPA,Bithumb,0.01,,0,0.0
CTC,CTC,Bithumb,0.01,,0.637414,9.56121
APM,APM,Bithumb,0.01,,0,0.0
CKB,CKB,Bithumb,0.01,,0.00483985,0.07259775
AERGO,AERGO,Bithumb,0.01,,0,0.0
EVZ,EVZ,Bithumb,0.01,,0,0.0
QTCON,QTCON,Bithumb,0.01,,0,0.0
UNI,UNI,Bithumb,0.01,,5.94,89.10000000000001
YFI,YFI,Bithumb,0.01,,0,0.0
UMA,UMA,Bithumb,0.01,,0,0.0
AAVE,AAVE,Bithumb,0.01,,164.97,2474.55
COMP,COMP,Bithumb,0.01,,39.21,588.15
BAL,BAL,Bithumb,0.01,,0,0.0
RSR,RSR,Bithumb,0.01,,0.00646516,0.09697739999999999
NMR,NMR,Bithumb,0.01,,0,0.0
RLC,RLC,Bithumb,0.01,,0,0.0
UOS,UOS,Bithumb,0.01,,0,0.0
SAND,SAND,Bithumb,0.2,,0.270629,81.18870000000001
STPT,STPT,Bithumb,0.01,,0,0.0
BEL,BEL,Bithumb,0.01,,0,0.0
OBSR,OBSR,Bithumb,0.01,,0,0.0
POLA,POLA,Bithumb,0.01,,0,0.0
ADP,ADP,Bithumb,0.01,,0,0.0
DVI,DVI,Bithumb,0.01,,0,0.0
GHX,GHX,Bithumb,0.01,,0,0.0
CBK,CBK,Bithumb,0.01,,0,0.0
MVC,MVC,Bithumb,0.01,,0,0.0
BLY,BLY,Bithumb,0.01,,0,0.0
GRT,GRT,Bithumb,0.01,,0.089809,1.3471350000000002
BIOT,BIOT,Bithumb,0.01,,0,0.0
SNX,SNX,Bithumb,0.01,,0.781399,11.720984999999999
SOFI,SOFI,Bithumb,0.01,,0,0.0
GRACY,GRACY,Bithumb,0.01,,0,0.0
OXT,OXT,Bithumb,0.01,,0,0.0
MAPO,MAPO,Bithumb,0.01,,0,0.0
AQT,AQT,Bithumb,0.01,,0,0.0
WIKEN,WIKEN,Bithumb,0.01,,0,0.0
CTSI,CTSI,Bithumb,0.01,,0,0.0
MANA,MANA,Bithumb,0.2,,0.245745,73.7235
LPT,LPT,Bithumb,0.01,,0,0.0
SUSHI,SUSHI,Bithumb,0.01,,0,0.0
ASM,ASM,Bithumb,0.01,,0,0.0
PUNDIX,PUNDIX,Bithumb,0.01,,0,0.0
CELR,CELR,Bithumb,0.01,,0,0.0
SLF,SLF,Bithumb,0.01,,0,0.0
BFC,BFC,Bithumb,0.01,,0,0.0
ALICE,ALICE,Bithumb,0.01,,0,0.0
OGN,OGN,Bithumb,0.01,,0,0.0
COTI,COTI,Bithumb,0.01,,0,0.0
CAKE,CAKE,Bithumb,0.01,,2.0,30.0
BNT,BNT,Bithumb,0.01,,0,0.0
XVS,XVS,Bithumb,0.01,,0,0.0
SWAP,SWAP,Bithumb,0.01,,0,0.0
CHZ,CHZ,Bithumb,0.01,,0.04221656,0.6332484
AXS,AXS,Bithumb,0.01,,2.94,44.1
DAO,DAO,Bithumb,0.01,,0,0.0
SIX,SIX,Bithumb,0.01,,0,0.0
USDS,USDS,Bithumb,0.01,,1.0,15.0
POL,POL,Bithumb,0.01,,0.203592,3.05388
WOO,WOO,Bithumb,0.01,,0,0.0
ACH,ACH,Bithumb,0.01,,0,0.0
ONT,ONT,Bithumb,0.01,,0,0.0
META,META,Bithumb,0.01,,0,0.0
KAIA,KAIA,Bithumb,0.01,,0.103301,1.5495150000000002
ONG,ONG,Bithumb,0.01,,0,0.0
JST,JST,Bithumb,0.01,,0.03086259,0.46293884999999996
MLK,MLK,Bithumb,0.01,,0,0.0
TEMCO,TEMCO,Bithumb,0.01,,0,0.0
KSM,KSM,Bithumb,0.01,,15.89,238.35
CTK,CTK,Bithumb,0.01,,0,0.0
BNB,BNB,Bithumb,0.01,,603.45,9051.750000000002
NFT,NFT,Bithumb,0.01,,4.30851e-07,6.4627649999999994e-06
SUN,SUN,Bithumb,0.01,,0,0.0
XEC,XEC,Bithumb,0.01,,2.009e-05,0.00030135
EGLD,EGLD,Bithumb,0.01,,16.62,249.3
MASK,MASK,Bithumb,0.01,,2.18,32.7
C98,C98,Bithumb,0.01,,0,0.0
MED,MED,Bithumb,0.01,,0,0.0
1INCH,1INCH,Bithumb,0.01,,0.189902,2.8485300000000002
CRV,CRV,Bithumb,0.01,,0.474856,7.12284
BOBA,BOBA,Bithumb,0.01,,0,0.0
DYDX,DYDX,Bithumb,0.01,,0.648376,9.72564
MINA,MINA,Bithumb,0.01,,0.244998,3.67497
FLOW,FLOW,Bithumb,0.2,,0.383754,115.1262
JOE,JOE,Bithumb,0.01,,0,0.0
GALA,GALA,Bithumb,0.01,,0.01551764,0.23276460000000002
ENS,ENS,Bithumb,0.01,,15.91,238.65
BTT,BTT,Bithumb,0.01,,6.75971e-07,1.0139565000000001e-05
JASMY,JASMY,Bithumb,0.01,,0.0110841,0.1662615
REQ,REQ,Bithumb,0.01,,0,0.0
CSPR,CSPR,Bithumb,0.01,,0,0.0
TDROP,TDROP,Bithumb,0.01,,0,0.0
HBAR,HBAR,Bithumb,0.01,,0.170421,2.556315
FANC,FANC,Bithumb,0.01,,0,0.0
NPT,NPT,Bithumb,0.01,,0,0.0
REI,REI,Bithumb,0.01,,0,0.0
T,T,Bithumb,0.01,,0,0.0
MBX,MBX,Bithumb,0.01,,0,0.0
GMT,GMT,Bithumb,0.01,,0,0.0
TAVA,TAVA,Bithumb,0.01,,0,0.0
D,D,Bithumb,0.01,,0,0.0
APE,APE,Bithumb,0.01,,0.477206,7.158090000000001
WNCG,WNCG,Bithumb,0.01,,0,0.0
AL,AL,Bithumb,0.01,,0,0.0
XCN,XCN,Bithumb,0.01,,0.01048172,0.1572258
AZIT,AZIT,Bithumb,0.01,,0,0.0
FLR,FLR,Bithumb,0.01,,0.01325201,0.19878015000000002
SFP,SFP,Bithumb,0.01,,0.498367,7.475505000000001
FITFI,FITFI,Bithumb,0.01,,0,0.0
STAT,STAT,Bithumb,0.01,,0,0.0
CRTS,CRTS,Bithumb,0.01,,0,0.0
LBL,LBL,Bithumb,0.01,,0,0.0
FLZ,FLZ,Bithumb,0.01,,0,0.0
LM,LM,Bithumb,0.01,,0,0.0
GRND,GRND,Bithumb,0.01,,0,0.0
APT,APT,Bithumb,0.01,,5.38,80.7
BLUR,BLUR,Bithumb,0.01,,0.104295,1.564425
WEMIX,WEMIX,Bithumb,0.01,,0.523787,7.8568050000000005
OAS,OAS,Bithumb,0.01,,0,0.0
HOOK,HOOK,Bithumb,0.01,,0,0.0
LWA,LWA,Bithumb,0.01,,0,0.0
OP,OP,Bithumb,0.01,,0.755293,11.329395
ROA,ROA,Bithumb,0.01,,0,0.0
GMX,GMX,Bithumb,0.01,,0,0.0
STX,STX,Bithumb,0.01,,0.622717,9.340755
XPLA,XPLA,Bithumb,0.01,,0,0.0
AHT,AHT,Bithumb,0.01,,0,0.0
ARB,ARB,Bithumb,0.01,,0.333537,5.003055
INJ,INJ,Bithumb,0.01,,8.81,132.15
HFT,HFT,Bithumb,0.01,,0,0.0
RPL,RPL,Bithumb,0.01,,0,0.0
IMX,IMX,Bithumb,0.01,,0.540514,8.10771
CFX,CFX,Bithumb,0.01,,0.080362,1.20543
ACS,ACS,Bithumb,0.01,,0,0.0
FXS,FXS,Bithumb,0.01,,0,0.0
CELO,CELO,Bithumb,0.01,,0,0.0
LDO,LDO,Bithumb,0.01,,0.867254,13.008809999999999
S,S,Bithumb,0.01,,0.498028,7.470420000000001
FET,FET,Bithumb,0.01,,0.474855,7.122825000000001
SUI,SUI,Bithumb,0.01,,2.35,35.25
NCT,NCT,Bithumb,0.01,,0,0.0
FLOKI,FLOKI,Bithumb,0.01,,5.839e-05,0.00087585
ALEX,ALEX,Bithumb,0.01,,0,0.0
ID,ID,Bithumb,0.01,,0,0.0
RENDER,RENDER,Bithumb,0.01,,3.51,52.65
STG,STG,Bithumb,0.01,,0,0.0
OSMO,OSMO,Bithumb,0.01,,0,0.0
FIL,FIL,Bithumb,0.01,,2.77,41.550000000000004
ILV,ILV,Bithumb,0.01,,0,0.0
MAV,MAV,Bithumb,0.01,,0,0.0
RSS3,RSS3,Bithumb,0.01,,0,0.0
AUDIO,AUDIO,Bithumb,0.01,,0,0.0
AGI,AGI,Bithumb,0.01,,0,0.0
ASTR,ASTR,Bithumb,0.01,,0.0302859,0.45428850000000004
WLD,WLD,Bithumb,0.01,,0.786447,11.796705
FLUX,FLUX,Bithumb,0.01,,0,0.0
AGLD,AGLD,Bithumb,0.01,,0,0.0
AR,AR,Bithumb,0.01,,6.5,97.5
RVN,RVN,Bithumb,0.01,,0,0.0
LEVER,LEVER,Bithumb,0.01,,0,0.0
EDU,EDU,Bithumb,0.01,,0,0.0
SEI,SEI,Bithumb,0.01,,0.178023,2.6703449999999997
WAXL,WAXL,Bithumb,0.01,,0,0.0
MOC,MOC,Bithumb,0.01,,0,0.0
PEPE,PEPE,Bithumb,0.01,,7.06e-06,0.00010590000000000001
CYBER,CYBER,Bithumb,0.01,,0,0.0
ARKM,ARKM,Bithumb,0.01,,0.546928,8.20392
PYR,PYR,Bithumb,0.01,,0,0.0
IOTX,IOTX,Bithumb,0.01,,0,0.0
HIGH,HIGH,Bithumb,0.01,,0,0.0
PENDLE,PENDLE,Bithumb,0.01,,2.51,37.65
BICO,BICO,Bithumb,0.01,,0,0.0
STORJ,STORJ,Bithumb,0.01,,0,0.0
API3,API3,Bithumb,0.01,,0,0.0
ZTX,ZTX,Bithumb,0.01,,0,0.0
MNT,MNT,Bithumb,0.01,,0.793111,11.896665
GTC,GTC,Bithumb,0.01,,0,0.0
METIS,METIS,Bithumb,0.01,,0,0.0
TIA,TIA,Bithumb,0.01,,3.28,49.2
ICP,ICP,Bithumb,0.01,,5.36,80.4
SPURS,SPURS,Bithumb,0.01,,0,0.0
NEO,NEO,Bithumb,0.01,,5.99,89.85000000000001
GAS,GAS,Bithumb,0.01,,0,0.0
HIFI,HIFI,Bithumb,0.01,,0,0.0
BIGTIME,BIGTIME,Bithumb,0.01,,0,0.0
ZETA,ZETA,Bithumb,0.01,,0.296568,4.44852
GRS,GRS,Bithumb,0.01,,0,0.0
ARK,ARK,Bithumb,0.01,,0,0.0
YGG,YGG,Bithumb,0.01,,0,0.0
HUNT,HUNT,Bithumb,0.01,,0,0.0
KAVA,KAVA,Bithumb,0.01,,0.426248,6.393720000000001
STMX,STMX,Bithumb,0.01,,0,0.0
MAGIC,MAGIC,Bithumb,0.01,,0,0.0
AUCTION,AUCTION,Bithumb,0.01,,0,0.0
USDC,USDC,Bithumb,0.01,,0.999728,14.995919999999998
RAD,RAD,Bithumb,0.01,,0,0.0
LSK,LSK,Bithumb,0.01,,0,0.0
TT,TT,Bithumb,0.01,,0,0.0
ACE,ACE,Bithumb,0.01,,0,0.0
SKL,SKL,Bithumb,0.01,,0,0.0
IQ,IQ,Bithumb,0.01,,0,0.0
PYTH,PYTH,Bithumb,0.01,,0.147583,2.213745
MANTA,MANTA,Bithumb,0.01,,0,0.0
AKT,AKT,Bithumb,0.01,,1.22,18.3
BEAM,BEAM,Bithumb,0.01,,0.00745496,0.1118244
JTO,JTO,Bithumb,0.01,,2.21,33.15
JUP,JUP,Bithumb,0.01,,0.484509,7.267635
STRK,STRK,Bithumb,0.01,,0.151307,2.269605
SC,SC,Bithumb,0.01,,0,0.0
BONK,BONK,Bithumb,0.01,,1.139e-05,0.00017085
TOKAMAK,TOKAMAK,Bithumb,0.01,,0,0.0
AIOZ,AIOZ,Bithumb,0.01,,0.251924,3.77886
ZK,ZK,Bithumb,0.01,,0.067626,1.0143900000000001
ONDO,ONDO,Bithumb,0.01,,0.798035,11.970525
ALT,ALT,Bithumb,0.01,,0,0.0
RON,RON,Bithumb,0.01,,0.710233,10.653495000000001
FIDA,FIDA,Bithumb,0.01,,0,0.0
STRAX,STRAX,Bithumb,0.01,,0,0.0
XAI,XAI,Bithumb,0.01,,0,0.0
W,W,Bithumb,0.01,,0.084851,1.272765
ZBCN,ZBCN,Bithumb,0.01,,0,0.0
POLYX,POLYX,Bithumb,0.01,,0,0.0
CORE,CORE,Bithumb,0.01,,0.501083,7.516244999999999
BB,BB,Bithumb,0.01,,0,0.0
OMNI,OMNI,Bithumb,0.01,,0,0.0
ENA,ENA,Bithumb,0.01,,0.371676,5.57514
MOCA,MOCA,Bithumb,0.01,,0,0.0
ETHFI,ETHFI,Bithumb,0.01,,0,0.0
MEW,MEW,Bithumb,0.01,,0.00266714,0.0400071
ZRO,ZRO,Bithumb,0.01,,2.81,42.15
IO,IO,Bithumb,0.01,,0,0.0
BLAST,BLAST,Bithumb,0.01,,0,0.0
TAIKO,TAIKO,Bithumb,0.01,,0,0.0
BRETT,BRETT,Bithumb,0.01,,0.03066556,0.4599834
ATH,ATH,Bithumb,0.01,,0.03043723,0.45655845
PCI,PCI,Bithumb,0.01,,0,0.0
AVAIL,AVAIL,Bithumb,0.01,,0,0.0
TON,TON,Bithumb,0.01,,3.81,57.15
G,G,Bithumb,0.01,,0,0.0
PEAQ,PEAQ,Bithumb,0.01,,0,0.0
EIGEN,EIGEN,Bithumb,0.01,,0.94741,14.21115
ORDER,ORDER,Bithumb,0.01,,0,0.0
SCR,SCR,Bithumb,0.01,,0,0.0
SWELL,SWELL,Bithumb,0.01,,0,0.0
UXLINK,UXLINK,Bithumb,0.01,,0,0.0
SKY,SKY,Bithumb,0.01,,0,0.0
PONKE,PONKE,Bithumb,0.01,,0,0.0
MVL,MVL,Bithumb,0.01,,0,0.0
CARV,CARV,Bithumb,0.01,,0,0.0
PUFFER,PUFFER,Bithumb,0.01,,0,0.0
SUNDOG,SUNDOG,Bithumb,0.01,,0,0.0
TURBO,TURBO,Bithumb,0.01,,0,0.0
RAY,RAY,Bithumb,0.01,,1.74,26.1
SAFE,SAFE,Bithumb,0.01,,0.551944,8.27916
VIRTUAL,VIRTUAL,Bithumb,0.01,,0.617563,9.263444999999999
DRIFT,DRIFT,Bithumb,0.01,,0,0.0
MOVE,MOVE,Bithumb,0.01,,0.431589,6.473835
F,F,Bithumb,0.01,,0,0.0
DEEP,DEEP,Bithumb,0.01,,0,0.0
MORPHO,MORPHO,Bithumb,0.01,,1.25,18.75
NEIRO,NEIRO,Bithumb,0.01,,0,0.0
MOODENG,MOODENG,Bithumb,0.01,,0,0.0
DBR,DBR,Bithumb,0.01,,0,0.0
GOAT,GOAT,Bithumb,0.01,,0,0.0
NIL,NIL,Bithumb,0.01,,0,0.0
ME,ME,Bithumb,0.01,,0,0.0
ZRC,ZRC,Bithumb,0.01,,0,0.0
IOTA,IOTA,Bithumb,0.01,,0.172939,2.594085
PENGU,PENGU,Bithumb,0.01,,0.00594224,0.0891336
ACX,ACX,Bithumb,0.01,,0,0.0
AERO,AERO,Bithumb,0.01,,0.468886,7.033290000000001
THE,THE,Bithumb,0.01,,0,0.0
VANA,VANA,Bithumb,0.01,,0,0.0
A8,A8,Bithumb,0.01,,0,0.0
SONIC,SONIC,Bithumb,0.01,,0,0.0
IP,IP,Bithumb,0.01,,5.26,78.9
DKA,DKA,Bithumb,0.01,,0,0.0
SOLV,SOLV,Bithumb,0.01,,0,0.0
QKC,QKC,Bithumb,0.01,,0,0.0
HPO,HPO,Bithumb,0.01,,0,0.0
GAME2,GAME2,Bithumb,0.01,,0,0.0
STRIKE,STRIKE,Bithumb,0.01,,0,0.0
ARDR,ARDR,Bithumb,0.01,,0,0.0
BOUNTY,BOUNTY,Bithumb,0.01,,0,0.0
SHELL,SHELL,Bithumb,0.01,,0,0.0
BERA,BERA,Bithumb,0.01,,7.32,109.8
PLUME,PLUME,Bithumb,0.01,,0.176581,2.6487149999999997
OBT,OBT,Bithumb,0.01,,0,0.0
TRUMP,TRUMP,Bithumb,0.01,,10.17,152.55
COOKIE,COOKIE,Bithumb,0.01,,0,0.0
GNO,GNO,Bithumb,0.01,,119.18,1787.7
VTHO,VTHO,Bithumb,0.01,,0,0.0
ANIME,ANIME,Bithumb,0.01,,0,0.0
RED,RED,Bithumb,0.01,,0,0.0
LAYER,LAYER,Bithumb,0.01,,1.56,23.400000000000002
KAITO,KAITO,Bithumb,0.01,,1.069,16.035
BMT,BMT,Bithumb,0.01,,0,0.0
PAXG,PAXG,Bithumb,0.01,,3134.85,47022.75
AVL,AVL,Bithumb,0.01,,0,0.0
PUNDIAI,PUNDIAI,Bithumb,0.01,,0,0.0
ELX,ELX,Bithumb,0.01,,0,0.0
COW,COW,Bithumb,0.01,,0,0.0
WAL,WAL,Bithumb,0.01,,0.40937,6.140550000000001
ORCA,ORCA,Bithumb,0.01,,0,0.0
BTC,Bitcoin,Binance,0.0003,BTC,82622,37179.899999999994
ETH,Ethereum,Binance,0.0007,ETH,1817.64,1908.522
XRP,XRP,Binance,0.2,XRP,2.14,642.0
BNB,BNB,Binance,0.00015,BSC,603.45,135.77625
USDT,Tether,Binance,1.0,TRC20,0.99961,1499.415
SOL,Solana,Binance,0.002,SOL,125.33,375.99
ADA,Cardano,Binance,0.8,ADA,0.669836,803.8032000000001
DOGE,Dogecoin,Binance,4.0,DOGE,0.169259,1015.554
LINK,Chainlink,Binance,0.34,ETH,13.6,6936.000000000001
DOT,Polkadot,Binance,0.1,DOT,4.08,612.0
AVAX,Avalanche,Binance,0.01,AVAXC,19.18,287.7
MATIC,Polygon,Binance,0.1,MATIC,0.203843,30.57645
SHIB,Shiba Inu,Binance,24000,ETH,1.255e-05,451.8
TRX,TRON,Binance,1,TRX,0.232176,348.264
ATOM,Cosmos,Binance,0.005,ATOM,4.3,32.25
XLM,Stellar,Binance,0.02,XLM,0.269132,8.07396
VET,VeChain,Binance,20,VET,0.02285314,685.5942
NEAR,NEAR Protocol,Binance,0.1,NEAR,2.63,394.5
ALGO,Algorand,Binance,0.01,ALGO,0.182011,2.730165
ETC,Ethereum Classic,Binance,0.01,ETC,16.63,249.45000000000002
XTZ,Tezos,Binance,0.1,XTZ,0.654854,98.22810000000001
TRXDOWN,TRXDOWN,Binance,0.01,Unknown,0,0.0
POLYX,POLYX,Binance,0.01,Unknown,0,0.0
MOD,MOD,Binance,0.01,Unknown,0,0.0
OXT,OXT,Binance,0.01,Unknown,0,0.0
MDA,MDA,Binance,0.01,Unknown,0,0.0
TNT,TNT,Binance,0.01,Unknown,0,0.0
NPXS,NPXS,Binance,0.01,Unknown,0,0.0
USDC,USDC,Binance,0.01,Unknown,0.999728,14.995919999999998
MANA,MANA,Binance,0.2,ETH,0.245745,73.7235
MKR,MKR,Binance,0.01,Unknown,1272.98,19094.7
BCHA,BCHA,Binance,0.01,Unknown,0,0.0
PORTAL,PORTAL,Binance,0.01,Unknown,0,0.0
IRIS,IRIS,Binance,0.01,Unknown,0,0.0
SEI,SEI,Binance,0.01,Unknown,0.178023,2.6703449999999997
XLMUP,XLMUP,Binance,0.01,Unknown,0,0.0
SUSD,SUSD,Binance,0.01,Unknown,0,0.0
GRT,GRT,Binance,0.01,Unknown,0.089809,1.3471350000000002
RENBTC,RENBTC,Binance,0.01,Unknown,0,0.0
ERD,ERD,Binance,0.01,Unknown,0,0.0
AERGO,AERGO,Binance,0.01,Unknown,0,0.0
WLD,WLD,Binance,0.01,Unknown,0.786447,11.796705
CGPT,CGPT,Binance,0.01,Unknown,0,0.0
PHA,PHA,Binance,0.01,Unknown,0,0.0
HOT,HOT,Binance,0.01,Unknown,0,0.0
QUICK,QUICK,Binance,0.01,Unknown,0,0.0
TRXUP,TRXUP,Binance,0.01,Unknown,0,0.0
IOTX,IOTX,Binance,0.01,Unknown,0,0.0
NANO,NANO,Binance,0.01,Unknown,0,0.0
STORM,STORM,Binance,0.01,Unknown,0,0.0
KLAY,KLAY,Binance,0.01,Unknown,0,0.0
CITY,CITY,Binance,0.01,Unknown,0,0.0
ENJ,ENJ,Binance,0.01,Unknown,0,0.0
MUBARAK,MUBARAK,Binance,0.01,Unknown,0,0.0
USUAL,USUAL,Binance,0.01,Unknown,0,0.0
LAYER,LAYER,Binance,0.01,Unknown,1.56,23.400000000000002
QSP,QSP,Binance,0.01,Unknown,0,0.0
1INCHDOWN,1INCHDOWN,Binance,0.01,Unknown,0,0.0
SYS,SYS,Binance,0.01,Unknown,0,0.0
AION,AION,Binance,0.01,Unknown,0,0.0
PHX,PHX,Binance,0.01,Unknown,0,0.0
DGB,DGB,Binance,0.01,Unknown,0,0.0
ZIL,ZIL,Binance,0.2,ETH,0.01123304,3.3699120000000002
LIT,LIT,Binance,0.01,Unknown,0,0.0
XTZDOWN,XTZDOWN,Binance,0.01,Unknown,0,0.0
KP3R,KP3R,Binance,0.01,Unknown,0,0.0
RED,RED,Binance,0.01,Unknown,0,0.0
CND,CND,Binance,0.01,Unknown,0,0.0
LTO,LTO,Binance,0.01,Unknown,0,0.0
CVP,CVP,Binance,0.01,Unknown,0,0.0
PNT,PNT,Binance,0.01,Unknown,0,0.0
ASR,ASR,Binance,0.01,Unknown,0,0.0
PDA,PDA,Binance,0.01,Unknown,0,0.0
ZEC,ZEC,Binance,0.01,Unknown,36.17,542.55
SUB,SUB,Binance,0.01,Unknown,0,0.0
HOOK,HOOK,Binance,0.01,Unknown,0,0.0
PAXG,PAXG,Binance,0.01,Unknown,3134.85,47022.75
ONG,ONG,Binance,0.01,Unknown,0,0.0
NXS,NXS,Binance,0.01,Unknown,0,0.0
SAND,SAND,Binance,0.2,ETH,0.270629,81.18870000000001
SRM,SRM,Binance,0.01,Unknown,0,0.0
PAX,PAX,Binance,0.01,Unknown,0,0.0
NMR,NMR,Binance,0.01,Unknown,0,0.0
TRIG,TRIG,Binance,0.01,Unknown,0,0.0
GRS,GRS,Binance,0.01,Unknown,0,0.0
KAITO,KAITO,Binance,0.01,Unknown,1.069,16.035
POA,POA,Binance,0.01,Unknown,0,0.0
RARE,RARE,Binance,0.01,Unknown,0,0.0
SUSHIDOWN,SUSHIDOWN,Binance,0.01,Unknown,0,0.0
AGLD,AGLD,Binance,0.01,Unknown,0,0.0
ME,ME,Binance,0.01,Unknown,0,0.0
RENDER,RENDER,Binance,0.01,Unknown,3.51,52.65
PORTO,PORTO,Binance,0.01,Unknown,0,0.0
NEIRO,NEIRO,Binance,0.01,Unknown,0,0.0
NOT,NOT,Binance,0.01,Unknown,0.00228258,0.034238700000000004
CATI,CATI,Binance,0.01,Unknown,0,0.0
BQX,BQX,Binance,0.01,Unknown,0,0.0
SC,SC,Binance,0.01,Unknown,0,0.0
VIBE,VIBE,Binance,0.01,Unknown,0,0.0
ETHUP,ETHUP,Binance,0.01,Unknown,0,0.0
LAZIO,LAZIO,Binance,0.01,Unknown,0,0.0
ARDR,ARDR,Binance,0.01,Unknown,0,0.0
HIVE,HIVE,Binance,0.01,Unknown,0,0.0
BIFI,BIFI,Binance,0.01,Unknown,0,0.0
CLV,CLV,Binance,0.01,Unknown,0,0.0
BZRX,BZRX,Binance,0.01,Unknown,0,0.0
DUSK,DUSK,Binance,0.01,Unknown,0,0.0
LISTA,LISTA,Binance,0.01,Unknown,0,0.0
UFT,UFT,Binance,0.01,Unknown,0,0.0
DOCK,DOCK,Binance,0.01,Unknown,0,0.0
JTO,JTO,Binance,0.01,Unknown,2.21,33.15
LINKUP,LINKUP,Binance,0.01,Unknown,0,0.0
BETH,BETH,Binance,0.01,Unknown,0,0.0
INS,INS,Binance,0.01,Unknown,0,0.0
UNI,UNI,Binance,0.01,Unknown,5.94,89.10000000000001
RGT,RGT,Binance,0.01,Unknown,0,0.0
IQ,IQ,Binance,0.01,Unknown,0,0.0
BNBUP,BNBUP,Binance,0.01,Unknown,0,0.0
FRONT,FRONT,Binance,0.01,Unknown,0,0.0
ETHBEAR,ETHBEAR,Binance,0.01,Unknown,0,0.0
FIRO,FIRO,Binance,0.01,Unknown,0,0.0
FIDA,FIDA,Binance,0.01,Unknown,0,0.0
RAD,RAD,Binance,0.01,Unknown,0,0.0
CHESS,CHESS,Binance,0.01,Unknown,0,0.0
SNGLS,SNGLS,Binance,0.01,Unknown,0,0.0
GHST,GHST,Binance,0.01,Unknown,0,0.0
VIB,VIB,Binance,0.01,Unknown,0,0.0
WAVES,WAVES,Binance,0.01,Unknown,0,0.0
AGIX,AGIX,Binance,0.01,Unknown,0,0.0
BNT,BNT,Binance,0.01,Unknown,0,0.0
LEVER,LEVER,Binance,0.01,Unknown,0,0.0
WNXM,WNXM,Binance,0.01,Unknown,0,0.0
TURBO,TURBO,Binance,0.01,Unknown,0,0.0
NEBL,NEBL,Binance,0.01,Unknown,0,0.0
GPS,GPS,Binance,0.01,Unknown,0,0.0
ARN,ARN,Binance,0.01,Unknown,0,0.0
SNX,SNX,Binance,0.01,Unknown,0.781399,11.720984999999999
AAVEUP,AAVEUP,Binance,0.01,Unknown,0,0.0
GTO,GTO,Binance,0.01,Unknown,0,0.0
AGI,AGI,Binance,0.01,Unknown,0,0.0
ANY,ANY,Binance,0.01,Unknown,0,0.0
T,T,Binance,0.01,Unknown,0,0.0
BNBDOWN,BNBDOWN,Binance,0.01,Unknown,0,0.0
TROY,TROY,Binance,0.01,Unknown,0,0.0
WPR,WPR,Binance,0.01,Unknown,0,0.0
KAIA,KAIA,Binance,0.01,Unknown,0.103301,1.5495150000000002
FXS,FXS,Binance,0.01,Unknown,0,0.0
DCR,DCR,Binance,0.01,Unknown,0,0.0
INJ,INJ,Binance,0.01,Unknown,8.81,132.15
LTCDOWN,LTCDOWN,Binance,0.01,Unknown,0,0.0
BCHDOWN,BCHDOWN,Binance,0.01,Unknown,0,0.0
STRAX,STRAX,Binance,0.01,Unknown,0,0.0
SHELL,SHELL,Binance,0.01,Unknown,0,0.0
DASH,DASH,Binance,0.01,Unknown,21.95,329.25
BEAMX,BEAMX,Binance,0.01,Unknown,0,0.0
1000CAT,1000CAT,Binance,0.01,Unknown,0,0.0
MDX,MDX,Binance,0.01,Unknown,0,0.0
BEAR,BEAR,Binance,0.01,Unknown,0,0.0
PENGU,PENGU,Binance,0.01,Unknown,0.00594224,0.0891336
NTRN,NTRN,Binance,0.01,Unknown,0,0.0
TST,TST,Binance,0.01,Unknown,0,0.0
AMB,AMB,Binance,0.01,Unknown,0,0.0
ATA,ATA,Binance,0.01,Unknown,0,0.0
FTM,FTM,Binance,0.01,Unknown,0,0.0
SXPDOWN,SXPDOWN,Binance,0.01,Unknown,0,0.0
AVA,AVA,Binance,0.01,Unknown,0,0.0
XTZUP,XTZUP,Binance,0.01,Unknown,0,0.0
SFP,SFP,Binance,0.01,Unknown,0.498367,7.475505000000001
BLUR,BLUR,Binance,0.01,Unknown,0.104295,1.564425
BCHUP,BCHUP,Binance,0.01,Unknown,0,0.0
POND,POND,Binance,0.01,Unknown,0,0.0
ALPHA,ALPHA,Binance,0.01,Unknown,0,0.0
FTT,FTT,Binance,0.01,Unknown,0,0.0
JUP,JUP,Binance,0.01,Unknown,0.484509,7.267635
ORDI,ORDI,Binance,0.01,Unknown,0,0.0
COCOS,COCOS,Binance,0.01,Unknown,0,0.0
LTC,LTC,Binance,0.01,Unknown,86.3,1294.5
MOVR,MOVR,Binance,0.01,Unknown,0,0.0
KSM,KSM,Binance,0.01,Unknown,15.89,238.35
JOE,JOE,Binance,0.01,Unknown,0,0.0
VELODROME,VELODROME,Binance,0.01,Unknown,0,0.0
PIVX,PIVX,Binance,0.01,Unknown,0,0.0
WINGS,WINGS,Binance,0.01,Unknown,0,0.0
TNSR,TNSR,Binance,0.01,Unknown,0,0.0
CRV,CRV,Binance,0.01,Unknown,0.474856,7.12284
MIR,MIR,Binance,0.01,Unknown,0,0.0
LUMIA,LUMIA,Binance,0.01,Unknown,0,0.0
ELF,ELF,Binance,0.01,Unknown,0,0.0
BETA,BETA,Binance,0.01,Unknown,0,0.0
XUSD,XUSD,Binance,0.01,Unknown,0,0.0
GNO,GNO,Binance,0.01,Unknown,119.18,1787.7
BKRW,BKRW,Binance,0.01,Unknown,0,0.0
FARM,FARM,Binance,0.01,Unknown,0,0.0
BCHABC,BCHABC,Binance,0.01,Unknown,0,0.0
DODO,DODO,Binance,0.01,Unknown,0,0.0
ZEN,ZEN,Binance,0.01,Unknown,0,0.0
SPELL,SPELL,Binance,0.01,Unknown,0,0.0
KDA,KDA,Binance,0.01,Unknown,0,0.0
FIS,FIS,Binance,0.01,Unknown,0,0.0
NIL,NIL,Binance,0.01,Unknown,0,0.0
CELO,CELO,Binance,0.01,Unknown,0,0.0
ADAUP,ADAUP,Binance,0.01,Unknown,0,0.0
AUTO,AUTO,Binance,0.01,Unknown,0,0.0
REQ,REQ,Binance,0.01,Unknown,0,0.0
BRD,BRD,Binance,0.01,Unknown,0,0.0
KNC,KNC,Binance,0.01,Unknown,0,0.0
SOLV,SOLV,Binance,0.01,Unknown,0,0.0
AI,AI,Binance,0.01,Unknown,0,0.0
KEEP,KEEP,Binance,0.01,Unknown,0,0.0
MANTA,MANTA,Binance,0.01,Unknown,0,0.0
RPX,RPX,Binance,0.01,Unknown,0,0.0
EDU,EDU,Binance,0.01,Unknown,0,0.0
LSK,LSK,Binance,0.01,Unknown,0,0.0
LDO,LDO,Binance,0.01,Unknown,0.867254,13.008809999999999
HBAR,HBAR,Binance,0.01,Unknown,0.170421,2.556315
FIL,FIL,Binance,0.01,Unknown,2.77,41.550000000000004
USDP,USDP,Binance,0.01,Unknown,0,0.0
MFT,MFT,Binance,0.01,Unknown,0,0.0
XNO,XNO,Binance,0.01,Unknown,0,0.0
USDSB,USDSB,Binance,0.01,Unknown,0,0.0
NBS,NBS,Binance,0.01,Unknown,0,0.0
SANTOS,SANTOS,Binance,0.01,Unknown,0,0.0
OP,OP,Binance,0.01,Unknown,0.755293,11.329395
TVK,TVK,Binance,0.01,Unknown,0,0.0
QKC,QKC,Binance,0.01,Unknown,0,0.0
1000SATS,1000SATS,Binance,0.01,Unknown,0,0.0
BTCDOWN,BTCDOWN,Binance,0.01,Unknown,0,0.0
BDOT,BDOT,Binance,0.01,Unknown,0,0.0
POL,POL,Binance,0.01,Unknown,0.203592,3.05388
EUR,EUR,Binance,0.01,Unknown,0,0.0
WTC,WTC,Binance,0.01,Unknown,0,0.0
WOO,WOO,Binance,0.01,Unknown,0,0.0
SWRV,SWRV,Binance,0.01,Unknown,0,0.0
SALT,SALT,Binance,0.01,Unknown,0,0.0
OCEAN,OCEAN,Binance,0.01,Unknown,0,0.0
FORM,FORM,Binance,0.01,Unknown,0,0.0
AEVO,AEVO,Binance,0.01,Unknown,0,0.0
LUN,LUN,Binance,0.01,Unknown,0,0.0
EZ,EZ,Binance,0.01,Unknown,0,0.0
CMT,CMT,Binance,0.01,Unknown,0,0.0
FORTH,FORTH,Binance,0.01,Unknown,0,0.0
API3,API3,Binance,0.01,Unknown,0,0.0
ONE,ONE,Binance,0.01,Unknown,0,0.0
NAV,NAV,Binance,0.01,Unknown,0,0.0
TLM,TLM,Binance,0.01,Unknown,0,0.0
MBL,MBL,Binance,0.01,Unknown,0,0.0
GMX,GMX,Binance,0.01,Unknown,0,0.0
XZC,XZC,Binance,0.01,Unknown,0,0.0
EOSUP,EOSUP,Binance,0.01,Unknown,0,0.0
SUI,SUI,Binance,0.01,Unknown,2.35,35.25
ENA,ENA,Binance,0.01,Unknown,0.371676,5.57514
APT,APT,Binance,0.01,Unknown,5.38,80.7
XRPBEAR,XRPBEAR,Binance,0.01,Unknown,0,0.0
DLT,DLT,Binance,0.01,Unknown,0,0.0
OG,OG,Binance,0.01,Unknown,0,0.0
WIF,WIF,Binance,0.01,Unknown,0.440423,6.606345
METIS,METIS,Binance,0.01,Unknown,0,0.0
MCO,MCO,Binance,0.01,Unknown,0,0.0
IMX,IMX,Binance,0.01,Unknown,0.540514,8.10771
SKY,SKY,Binance,0.01,Unknown,0,0.0
LINA,LINA,Binance,0.01,Unknown,0,0.0
CDT,CDT,Binance,0.01,Unknown,0,0.0
CHAT,CHAT,Binance,0.01,Unknown,0,0.0
PERP,PERP,Binance,0.01,Unknown,0,0.0
ANC,ANC,Binance,0.01,Unknown,0,0.0
SLF,SLF,Binance,0.01,Unknown,0,0.0
POLY,POLY,Binance,0.01,Unknown,0,0.0
CVX,CVX,Binance,0.01,Unknown,0,0.0
YFIDOWN,YFIDOWN,Binance,0.01,Unknown,0,0.0
BCH,BCH,Binance,0.01,Unknown,302.49,4537.35
CVC,CVC,Binance,0.01,Unknown,0,0.0
IOTA,IOTA,Binance,0.01,Unknown,0.172939,2.594085
STMX,STMX,Binance,0.01,Unknown,0,0.0
TORN,TORN,Binance,0.01,Unknown,0,0.0
PARTI,PARTI,Binance,0.01,Unknown,0,0.0
ARB,ARB,Binance,0.01,Unknown,0.333537,5.003055
ALT,ALT,Binance,0.01,Unknown,0,0.0
GTC,GTC,Binance,0.01,Unknown,0,0.0
XMR,XMR,Binance,0.01,Unknown,217.35,3260.25
ILV,ILV,Binance,0.01,Unknown,0,0.0
TCT,TCT,Binance,0.01,Unknown,0,0.0
CTSI,CTSI,Binance,0.01,Unknown,0,0.0
STG,STG,Binance,0.01,Unknown,0,0.0
CTK,CTK,Binance,0.01,Unknown,0,0.0
VIDT,VIDT,Binance,0.01,Unknown,0,0.0
XEC,XEC,Binance,0.01,Unknown,2.009e-05,0.00030135
WAN,WAN,Binance,0.01,Unknown,0,0.0
BTT,BTT,Binance,0.01,Unknown,6.75971e-07,1.0139565000000001e-05
ETHBULL,ETHBULL,Binance,0.01,Unknown,0,0.0
ORCA,ORCA,Binance,0.01,Unknown,0,0.0
MULTI,MULTI,Binance,0.01,Unknown,0,0.0
REZ,REZ,Binance,0.01,Unknown,0,0.0
MOVE,MOVE,Binance,0.01,Unknown,0.431589,6.473835
MINA,MINA,Binance,0.01,Unknown,0.244998,3.67497
UST,UST,Binance,0.01,Unknown,0,0.0
TNB,TNB,Binance,0.01,Unknown,0,0.0
VANA,VANA,Binance,0.01,Unknown,0,0.0
QI,QI,Binance,0.01,Unknown,0,0.0
PERL,PERL,Binance,0.01,Unknown,0,0.0
OAX,OAX,Binance,0.01,Unknown,0,0.0
TOMO,TOMO,Binance,0.01,Unknown,0,0.0
BONK,BONK,Binance,0.01,Unknown,1.139e-05,0.00017085
SXPUP,SXPUP,Binance,0.01,Unknown,0,0.0
VOXEL,VOXEL,Binance,0.01,Unknown,0,0.0
LOKA,LOKA,Binance,0.01,Unknown,0,0.0
VITE,VITE,Binance,0.01,Unknown,0,0.0
ANKR,ANKR,Binance,0.01,Unknown,0,0.0
GALA,GALA,Binance,0.01,Unknown,0.01551764,0.23276460000000002
FLUX,FLUX,Binance,0.01,Unknown,0,0.0
DAR,DAR,Binance,0.01,Unknown,0,0.0
WIN,WIN,Binance,0.01,Unknown,0,0.0
REI,REI,Binance,0.01,Unknown,0,0.0
THETA,THETA,Binance,0.01,Unknown,0.821515,12.322725
HEGIC,HEGIC,Binance,0.01,Unknown,0,0.0
MEME,MEME,Binance,0.01,Unknown,0,0.0
IDEX,IDEX,Binance,0.01,Unknown,0,0.0
CETUS,CETUS,Binance,0.01,Unknown,0,0.0
ANT,ANT,Binance,0.01,Unknown,0,0.0
EASY,EASY,Binance,0.01,Unknown,0,0.0
RAMP,RAMP,Binance,0.01,Unknown,0,0.0
FIO,FIO,Binance,0.01,Unknown,0,0.0
ARKM,ARKM,Binance,0.01,Unknown,0.546928,8.20392
LPT,LPT,Binance,0.01,Unknown,0,0.0
QLC,QLC,Binance,0.01,Unknown,0,0.0
BNBBEAR,BNBBEAR,Binance,0.01,Unknown,0,0.0
AEUR,AEUR,Binance,0.01,Unknown,0,0.0
MDT,MDT,Binance,0.01,Unknown,0,0.0
BICO,BICO,Binance,0.01,Unknown,0,0.0
JST,JST,Binance,0.01,Unknown,0.03086259,0.46293884999999996
CHZ,CHZ,Binance,0.01,Unknown,0.04221656,0.6332484
WBTC,WBTC,Binance,0.01,Unknown,82476,1237140.0
GO,GO,Binance,0.01,Unknown,0,0.0
COVER,COVER,Binance,0.01,Unknown,0,0.0
FOR,FOR,Binance,0.01,Unknown,0,0.0
PSG,PSG,Binance,0.01,Unknown,0,0.0
WRX,WRX,Binance,0.01,Unknown,0,0.0
XAI,XAI,Binance,0.01,Unknown,0,0.0
AKRO,AKRO,Binance,0.01,Unknown,0,0.0
DYM,DYM,Binance,0.01,Unknown,0,0.0
PNUT,PNUT,Binance,0.01,Unknown,0,0.0
VIA,VIA,Binance,0.01,Unknown,0,0.0
ADADOWN,ADADOWN,Binance,0.01,Unknown,0,0.0
CTXC,CTXC,Binance,0.01,Unknown,0,0.0
PYR,PYR,Binance,0.01,Unknown,0,0.0
LTCUP,LTCUP,Binance,0.01,Unknown,0,0.0
PYTH,PYTH,Binance,0.01,Unknown,0.147583,2.213745
TRUMP,TRUMP,Binance,0.01,Unknown,10.17,152.55
CAKE,CAKE,Binance,0.01,Unknown,2.0,30.0
ZRX,ZRX,Binance,0.01,Unknown,0,0.0
ACE,ACE,Binance,0.01,Unknown,0,0.0
COW,COW,Binance,0.01,Unknown,0,0.0
PEOPLE,PEOPLE,Binance,0.01,Unknown,0,0.0
W,W,Binance,0.01,Unknown,0.084851,1.272765
BADGER,BADGER,Binance,0.01,Unknown,0,0.0
BCC,BCC,Binance,0.01,Unknown,0,0.0
BEL,BEL,Binance,0.01,Unknown,0,0.0
DAI,DAI,Binance,0.01,Unknown,0.999829,14.997435000000001
AUD,AUD,Binance,0.01,Unknown,0,0.0
AUCTION,AUCTION,Binance,0.01,Unknown,0,0.0
SSV,SSV,Binance,0.01,Unknown,0,0.0
SXP,SXP,Binance,0.01,Unknown,0,0.0
G,G,Binance,0.01,Unknown,0,0.0
PLA,PLA,Binance,0.01,Unknown,0,0.0
BTCUP,BTCUP,Binance,0.01,Unknown,0,0.0
COMP,COMP,Binance,0.01,Unknown,39.21,588.15
TUSD,TUSD,Binance,0.01,Unknown,0.997626,14.964390000000002
BUSD,BUSD,Binance,0.01,Unknown,0.999524,14.99286
MTH,MTH,Binance,0.01,Unknown,0,0.0
PPT,PPT,Binance,0.01,Unknown,0,0.0
BANANA,BANANA,Binance,0.01,Unknown,0,0.0
NCASH,NCASH,Binance,0.01,Unknown,0,0.0
STPT,STPT,Binance,0.01,Unknown,0,0.0
LUNC,LUNC,Binance,0.01,Unknown,6.13e-05,0.0009195000000000001
BCPT,BCPT,Binance,0.01,Unknown,0,0.0
BSW,BSW,Binance,0.01,Unknown,0,0.0
XRPUP,XRPUP,Binance,0.01,Unknown,0,0.0
BCD,BCD,Binance,0.01,Unknown,0,0.0
C98,C98,Binance,0.01,Unknown,0,0.0
MC,MC,Binance,0.01,Unknown,0,0.0
EGLD,EGLD,Binance,0.01,Unknown,16.62,249.3
BURGER,BURGER,Binance,0.01,Unknown,0,0.0
ARK,ARK,Binance,0.01,Unknown,0,0.0
REP,REP,Binance,0.01,Unknown,0,0.0
TUT,TUT,Binance,0.01,Unknown,0,0.0
TKO,TKO,Binance,0.01,Unknown,0,0.0
MASK,MASK,Binance,0.01,Unknown,2.18,32.7
XLMDOWN,XLMDOWN,Binance,0.01,Unknown,0,0.0
TIA,TIA,Binance,0.01,Unknown,3.28,49.2
VIC,VIC,Binance,0.01,Unknown,0,0.0
NEO,NEO,Binance,0.01,Unknown,5.99,89.85000000000001
ICX,ICX,Binance,0.01,Unknown,0,0.0
BROCCOLI714,BROCCOLI714,Binance,0.01,Unknown,0,0.0
LEND,LEND,Binance,0.01,Unknown,0,0.0
BB,BB,Binance,0.01,Unknown,0,0.0
BAKE,BAKE,Binance,0.01,Unknown,0,0.0
ACA,ACA,Binance,0.01,Unknown,0,0.0
WBETH,WBETH,Binance,0.01,Unknown,0,0.0
NKN,NKN,Binance,0.01,Unknown,0,0.0
FLM,FLM,Binance,0.01,Unknown,0,0.0
RIF,RIF,Binance,0.01,Unknown,0,0.0
MITH,MITH,Binance,0.01,Unknown,0,0.0
DEGO,DEGO,Binance,0.01,Unknown,0,0.0
HIFI,HIFI,Binance,0.01,Unknown,0,0.0
RDNT,RDNT,Binance,0.01,Unknown,0,0.0
BTG,BTG,Binance,0.01,Unknown,0,0.0
AR,AR,Binance,0.01,Unknown,6.5,97.5
1000CHEEMS,1000CHEEMS,Binance,0.01,Unknown,0,0.0
MAV,MAV,Binance,0.01,Unknown,0,0.0
CELR,CELR,Binance,0.01,Unknown,0,0.0
FET,FET,Binance,0.01,Unknown,0.474855,7.122825000000001
GAS,GAS,Binance,0.01,Unknown,0,0.0
BNBBULL,BNBBULL,Binance,0.01,Unknown,0,0.0
HEI,HEI,Binance,0.01,Unknown,0,0.0
D,D,Binance,0.01,Unknown,0,0.0
COOKIE,COOKIE,Binance,0.01,Unknown,0,0.0
ICN,ICN,Binance,0.01,Unknown,0,0.0
KEY,KEY,Binance,0.01,Unknown,0,0.0
HFT,HFT,Binance,0.01,Unknown,0,0.0
UMA,UMA,Binance,0.01,Unknown,0,0.0
STX,STX,Binance,0.01,Unknown,0.622717,9.340755
RPL,RPL,Binance,0.01,Unknown,0,0.0
MTL,MTL,Binance,0.01,Unknown,0,0.0
RUNE,RUNE,Binance,0.01,Unknown,1.13,16.95
AXS,AXS,Binance,0.01,Unknown,2.94,44.1
TAO,TAO,Binance,0.01,Unknown,228.59,3428.85
UNIUP,UNIUP,Binance,0.01,Unknown,0,0.0
EPX,EPX,Binance,0.01,Unknown,0,0.0
STORJ,STORJ,Binance,0.01,Unknown,0,0.0
GVT,GVT,Binance,0.01,Unknown,0,0.0
FLOW,FLOW,Binance,0.2,ETH,0.383754,115.1262
ALPINE,ALPINE,Binance,0.01,Unknown,0,0.0
TFUEL,TFUEL,Binance,0.01,Unknown,0.03579953,0.53699295
FILUP,FILUP,Binance,0.01,Unknown,0,0.0
QTUM,QTUM,Binance,0.2,ETH,0,0.0
APPC,APPC,Binance,0.01,Unknown,0,0.0
RSR,RSR,Binance,0.01,Unknown,0.00646516,0.09697739999999999
UNIDOWN,UNIDOWN,Binance,0.01,Unknown,0,0.0
XRPDOWN,XRPDOWN,Binance,0.01,Unknown,0,0.0
COMBO,COMBO,Binance,0.01,Unknown,0,0.0
ATM,ATM,Binance,0.01,Unknown,0,0.0
BOT,BOT,Binance,0.01,Unknown,0,0.0
HIGH,HIGH,Binance,0.01,Unknown,0,0.0
OGN,OGN,Binance,0.01,Unknown,0,0.0
TRIBE,TRIBE,Binance,0.01,Unknown,0,0.0
PEPE,PEPE,Binance,0.01,Unknown,7.06e-06,0.00010590000000000001
BAL,BAL,Binance,0.01,Unknown,0,0.0
DEXE,DEXE,Binance,0.01,Unknown,17.54,263.1
AMP,AMP,Binance,0.01,Unknown,0.00397174,0.0595761
CKB,CKB,Binance,0.01,Unknown,0.00483985,0.07259775
LINKDOWN,LINKDOWN,Binance,0.01,Unknown,0,0.0
SYN,SYN,Binance,0.01,Unknown,0,0.0
BCHSV,BCHSV,Binance,0.01,Unknown,0,0.0
SCR,SCR,Binance,0.01,Unknown,0,0.0
BLZ,BLZ,Binance,0.01,Unknown,0,0.0
TRU,TRU,Binance,0.01,Unknown,0,0.0
ARPA,ARPA,Binance,0.01,Unknown,0,0.0
EPIC,EPIC,Binance,0.01,Unknown,0,0.0
KMD,KMD,Binance,0.01,Unknown,0,0.0
CYBER,CYBER,Binance,0.01,Unknown,0,0.0
SNT,SNT,Binance,0.01,Unknown,0,0.0
DGD,DGD,Binance,0.01,Unknown,0,0.0
ZK,ZK,Binance,0.01,Unknown,0.067626,1.0143900000000001
PROS,PROS,Binance,0.01,Unknown,0,0.0
SUN,SUN,Binance,0.01,Unknown,0,0.0
SUPER,SUPER,Binance,0.01,Unknown,0.516534,7.748010000000001
BOND,BOND,Binance,0.01,Unknown,0,0.0
PHB,PHB,Binance,0.01,Unknown,0,0.0
THE,THE,Binance,0.01,Unknown,0,0.0
GBP,GBP,Binance,0.01,Unknown,0,0.0
ID,ID,Binance,0.01,Unknown,0,0.0
TRB,TRB,Binance,0.01,Unknown,0,0.0
PIXEL,PIXEL,Binance,0.01,Unknown,0,0.0
ETHDOWN,ETHDOWN,Binance,0.01,Unknown,0,0.0
BAT,BAT,Binance,0.2,ETH,0,0.0
AAVEDOWN,AAVEDOWN,Binance,0.01,Unknown,0,0.0
PENDLE,PENDLE,Binance,0.01,Unknown,2.51,37.65
BMT,BMT,Binance,0.01,Unknown,0,0.0
NAS,NAS,Binance,0.01,Unknown,0,0.0
GNS,GNS,Binance,0.01,Unknown,0,0.0
GXS,GXS,Binance,0.01,Unknown,0,0.0
BNX,BNX,Binance,0.01,Unknown,0,0.0
RVN,RVN,Binance,0.01,Unknown,0,0.0
SUSHI,SUSHI,Binance,0.01,Unknown,0,0.0
NEXO,NEXO,Binance,0.01,Unknown,1.072,16.080000000000002
ACX,ACX,Binance,0.01,Unknown,0,0.0
RDN,RDN,Binance,0.01,Unknown,0,0.0
CHR,CHR,Binance,0.01,Unknown,0,0.0
BNSOL,BNSOL,Binance,0.01,Unknown,130.49,1957.3500000000001
XVG,XVG,Binance,0.01,Unknown,0,0.0
OMNI,OMNI,Binance,0.01,Unknown,0,0.0
ADX,ADX,Binance,0.01,Unknown,0,0.0
KAVA,KAVA,Binance,0.01,Unknown,0.426248,6.393720000000001
WING,WING,Binance,0.01,Unknown,0,0.0
FDUSD,FDUSD,Binance,0.01,Unknown,0.998931,14.983965000000001
SPARTA,SPARTA,Binance,0.01,Unknown,0,0.0
HNT,HNT,Binance,0.01,Unknown,3.22,48.300000000000004
EIGEN,EIGEN,Binance,0.01,Unknown,0.94741,14.21115
GNT,GNT,Binance,0.01,Unknown,0,0.0
YFIUP,YFIUP,Binance,0.01,Unknown,0,0.0
UTK,UTK,Binance,0.01,Unknown,0,0.0
GLMR,GLMR,Binance,0.01,Unknown,0,0.0
TON,TON,Binance,0.01,Unknown,3.81,57.15
IO,IO,Binance,0.01,Unknown,0,0.0
OM,OM,Binance,0.01,Unknown,6.26,93.9
BTS,BTS,Binance,0.01,Unknown,0,0.0
BTCB,BTCB,Binance,0.01,Unknown,0,0.0
BCN,BCN,Binance,0.01,Unknown,0,0.0
BAND,BAND,Binance,0.01,Unknown,0,0.0
YGG,YGG,Binance,0.01,Unknown,0,0.0
BEAM,BEAM,Binance,0.01,Unknown,0.00745496,0.1118244
POLS,POLS,Binance,0.01,Unknown,0,0.0
RNDR,RNDR,Binance,0.01,Unknown,0,0.0
OSMO,OSMO,Binance,0.01,Unknown,0,0.0
EURI,EURI,Binance,0.01,Unknown,0,0.0
COTI,COTI,Binance,0.01,Unknown,0,0.0
DIA,DIA,Binance,0.01,Unknown,0,0.0
FILDOWN,FILDOWN,Binance,0.01,Unknown,0,0.0
DATA,DATA,Binance,0.01,Unknown,0,0.0
DF,DF,Binance,0.01,Unknown,0,0.0
NULS,NULS,Binance,0.01,Unknown,0,0.0
SKL,SKL,Binance,0.01,Unknown,0,0.0
EOSBULL,EOSBULL,Binance,0.01,Unknown,0,0.0
XRPBULL,XRPBULL,Binance,0.01,Unknown,0,0.0
BAR,BAR,Binance,0.01,Unknown,0,0.0
WAXP,WAXP,Binance,0.01,Unknown,0,0.0
VGX,VGX,Binance,0.01,Unknown,0,0.0
EOSBEAR,EOSBEAR,Binance,0.01,Unknown,0,0.0
EPS,EPS,Binance,0.01,Unknown,0,0.0
AIXBT,AIXBT,Binance,0.01,Unknown,0,0.0
DNT,DNT,Binance,0.01,Unknown,0,0.0
STRAT,STRAT,Binance,0.01,Unknown,0,0.0
ACT,ACT,Binance,0.01,Unknown,0,0.0
USTC,USTC,Binance,0.01,Unknown,0,0.0
XEM,XEM,Binance,0.01,Unknown,0,0.0
MBOX,MBOX,Binance,0.01,Unknown,0,0.0
AXL,AXL,Binance,0.01,Unknown,0.372052,5.58078
DOTUP,DOTUP,Binance,0.01,Unknown,0,0.0
NFP,NFP,Binance,0.01,Unknown,0,0.0
OST,OST,Binance,0.01,Unknown,0,0.0
ONT,ONT,Binance,0.01,Unknown,0,0.0
RLC,RLC,Binance,0.01,Unknown,0,0.0
ERN,ERN,Binance,0.01,Unknown,0,0.0
HSR,HSR,Binance,0.01,Unknown,0,0.0
ALPACA,ALPACA,Binance,0.01,Unknown,0,0.0
ACM,ACM,Binance,0.01,Unknown,0,0.0
JUV,JUV,Binance,0.01,Unknown,0,0.0
TWT,TWT,Binance,0.01,Unknown,0.868326,13.024890000000001
HC,HC,Binance,0.01,Unknown,0,0.0
RAY,RAY,Binance,0.01,Unknown,1.74,26.1
FUN,FUN,Binance,0.01,Unknown,0,0.0
ORN,ORN,Binance,0.01,Unknown,0,0.0
GMT,GMT,Binance,0.01,Unknown,0,0.0
OMG,OMG,Binance,0.01,Unknown,0,0.0
REN,REN,Binance,0.01,Unknown,0,0.0
GLM,GLM,Binance,0.01,Unknown,0.260325,3.9048749999999997
EVX,EVX,Binance,0.01,Unknown,0,0.0
CREAM,CREAM,Binance,0.01,Unknown,0,0.0
ENS,ENS,Binance,0.01,Unknown,15.91,238.65
BTTC,BTTC,Binance,0.01,Unknown,0,0.0
USDS,USDS,Binance,0.01,Unknown,1.0,15.0
ANIME,ANIME,Binance,0.01,Unknown,0,0.0
FLOKI,FLOKI,Binance,0.01,Unknown,5.839e-05,0.00087585
HARD,HARD,Binance,0.01,Unknown,0,0.0
BGBP,BGBP,Binance,0.01,Unknown,0,0.0
ENG,ENG,Binance,0.01,Unknown,0,0.0
DOTDOWN,DOTDOWN,Binance,0.01,Unknown,0,0.0
VANRY,VANRY,Binance,0.01,Unknown,0,0.0
STEEM,STEEM,Binance,0.01,Unknown,0,0.0
MAGIC,MAGIC,Binance,0.01,Unknown,0,0.0
SAGA,SAGA,Binance,0.01,Unknown,0,0.0
PROM,PROM,Binance,0.01,Unknown,0,0.0
CLOAK,CLOAK,Binance,0.01,Unknown,0,0.0
VTHO,VTHO,Binance,0.01,Unknown,0,0.0
TUSDB,TUSDB,Binance,0.01,Unknown,0,0.0
COS,COS,Binance,0.01,Unknown,0,0.0
HMSTR,HMSTR,Binance,0.01,Unknown,0,0.0
AAVE,AAVE,Binance,0.01,Unknown,164.97,2474.55
EOSDOWN,EOSDOWN,Binance,0.01,Unknown,0,0.0
CFX,CFX,Binance,0.01,Unknown,0.080362,1.20543
VEN,VEN,Binance,0.01,Unknown,0,0.0
DYDX,DYDX,Binance,0.01,Unknown,0.648376,9.72564
BIO,BIO,Binance,0.01,Unknown,0,0.0
DOGS,DOGS,Binance,0.01,Unknown,0,0.0
JASMY,JASMY,Binance,0.01,Unknown,0.0110841,0.1662615
ALCX,ALCX,Binance,0.01,Unknown,0,0.0
ROSE,ROSE,Binance,0.01,Unknown,0,0.0
GAL,GAL,Binance,0.01,Unknown,0,0.0
AST,AST,Binance,0.01,Unknown,0,0.0
YOYO,YOYO,Binance,0.01,Unknown,0,0.0
MOB,MOB,Binance,0.01,Unknown,0,0.0
ACH,ACH,Binance,0.01,Unknown,0,0.0
AE,AE,Binance,0.01,Unknown,0,0.0
LOOM,LOOM,Binance,0.01,Unknown,0,0.0
RCN,RCN,Binance,0.01,Unknown,0,0.0
MLN,MLN,Binance,0.01,Unknown,0,0.0
ZRO,ZRO,Binance,0.01,Unknown,2.81,42.15
BOME,BOME,Binance,0.01,Unknown,0,0.0
YFI,YFI,Binance,0.01,Unknown,0,0.0
YFII,YFII,Binance,0.01,Unknown,0,0.0
UNFI,UNFI,Binance,0.01,Unknown,0,0.0
BTCST,BTCST,Binance,0.01,Unknown,0,0.0
BANANAS31,BANANAS31,Binance,0.01,Unknown,0,0.0
IOST,IOST,Binance,0.01,Unknown,0,0.0
BULL,BULL,Binance,0.01,Unknown,0,0.0
WABI,WABI,Binance,0.01,Unknown,0,0.0
LRC,LRC,Binance,0.01,Unknown,0,0.0
APE,APE,Binance,0.01,Unknown,0.477206,7.158090000000001
POWR,POWR,Binance,0.01,Unknown,0,0.0
DENT,DENT,Binance,0.01,Unknown,0,0.0
1MBABYDOGE,1MBABYDOGE,Binance,0.01,Unknown,0,0.0
FUEL,FUEL,Binance,0.01,Unknown,0,0.0
QNT,QNT,Binance,0.01,Unknown,69.72,1045.8
EOS,EOS,Binance,0.01,Unknown,0.590895,8.863425
OOKI,OOKI,Binance,0.01,Unknown,0,0.0
XVS,XVS,Binance,0.01,Unknown,0,0.0
SCRT,SCRT,Binance,0.01,Unknown,0,0.0
PUNDIX,PUNDIX,Binance,0.01,Unknown,0,0.0
STRK,STRK,Binance,0.01,Unknown,0.151307,2.269605
SNM,SNM,Binance,0.01,Unknown,0,0.0
ETHFI,ETHFI,Binance,0.01,Unknown,0,0.0
REEF,REEF,Binance,0.01,Unknown,0,0.0
ALICE,ALICE,Binance,0.01,Unknown,0,0.0
SLP,SLP,Binance,0.01,Unknown,0,0.0
AUDIO,AUDIO,Binance,0.01,Unknown,0,0.0
GFT,GFT,Binance,0.01,Unknown,0,0.0
RONIN,RONIN,Binance,0.01,Unknown,0,0.0
S,S,Binance,0.01,Unknown,0.498028,7.470420000000001
BERA,BERA,Binance,0.01,Unknown,7.32,109.8
1INCHUP,1INCHUP,Binance,0.01,Unknown,0,0.0
POE,POE,Binance,0.01,Unknown,0,0.0
ASTR,ASTR,Binance,0.01,Unknown,0.0302859,0.45428850000000004
1INCH,1INCH,Binance,0.01,Unknown,0.189902,2.8485300000000002
DREP,DREP,Binance,0.01,Unknown,0,0.0
LUNA,LUNA,Binance,0.01,Unknown,0,0.0
ICP,ICP,Binance,0.01,Unknown,5.36,80.4
NU,NU,Binance,0.01,Unknown,0,0.0
SUSHIUP,SUSHIUP,Binance,0.01,Unknown,0,0.0
LQTY,LQTY,Binance,0.01,Unknown,0,0.0
EDO,EDO,Binance,0.01,Unknown,0,0.0
BTC,Bitcoin,Bybit,0.0005,BTC,82622,61966.5
ETH,Ethereum,Bybit,0.0005,ETH,1817.64,1363.23
XRP,XRP,Bybit,0.25,XRP,2.14,802.5
USDT,Tether,Bybit,1.0,TRC20,0.99961,1499.415
SOL,Solana,Bybit,0.01,SOL,125.33,1879.95
ADA,Cardano,Bybit,1.0,ADA,0.669836,1004.754
DOGE,Dogecoin,Bybit,5.0,DOGE,0.169259,1269.4424999999999
LINK,Chainlink,Bybit,0.35,ETH,13.6,7140.0
DOT,Polkadot,Bybit,0.1,DOT,4.08,612.0
AVAX,Avalanche,Bybit,0.01,AVAXC,19.18,287.7
MATIC,Polygon,Bybit,0.3,MATIC,0.203843,91.72935
SHIB,Shiba Inu,Bybit,30000,ETH,1.255e-05,564.75
TRX,TRON,Bybit,1,TRX,0.232176,348.264
ATOM,Cosmos,Bybit,0.01,ATOM,4.3,64.5
XLM,Stellar,Bybit,0.02,XLM,0.269132,8.07396
VET,VeChain,Bybit,25,VET,0.02285314,856.99275
NEAR,NEAR Protocol,Bybit,0.1,NEAR,2.63,394.5
ALGO,Algorand,Bybit,0.01,ALGO,0.182011,2.730165
ETC,Ethereum Classic,Bybit,0.01,ETC,16.63,249.45000000000002
XTZ,Tezos,Bybit,0.1,XTZ,0.654854,98.22810000000001
WEETH,WEETH,Bybit,0.01,Unknown,1933.2,28998.0
BLAST,BLAST,Bybit,0.01,Unknown,0,0.0
GAME,GAME,Bybit,0.01,Unknown,0,0.0
FORT,FORT,Bybit,0.01,Unknown,0,0.0
SMILE,SMILE,Bybit,0.01,Unknown,0,0.0
ONDO,ONDO,Bybit,0.01,Unknown,0.798035,11.970525
XTER,XTER,Bybit,0.01,Unknown,0,0.0
SALD,SALD,Bybit,0.01,Unknown,0,0.0
MKR,MKR,Bybit,0.01,Unknown,1272.98,19094.7
USDC,USDC,Bybit,0.01,Unknown,0.999728,14.995919999999998
MANA,MANA,Bybit,0.2,ETH,0.245745,73.7235
SAIL,SAIL,Bybit,0.01,Unknown,0,0.0
AURORA,AURORA,Bybit,0.01,Unknown,0,0.0
PORTAL,PORTAL,Bybit,0.01,Unknown,0,0.0
SEI,SEI,Bybit,0.01,Unknown,0.178023,2.6703449999999997
3P,3P,Bybit,0.01,Unknown,0,0.0
BRETT,BRETT,Bybit,0.01,Unknown,0.03066556,0.4599834
CHRP,CHRP,Bybit,0.01,Unknown,0,0.0
GRT,GRT,Bybit,0.01,Unknown,0.089809,1.3471350000000002
CGPT,CGPT,Bybit,0.01,Unknown,0,0.0
WLD,WLD,Bybit,0.01,Unknown,0.786447,11.796705
APP,APP,Bybit,0.01,Unknown,0,0.0
HOT,HOT,Bybit,0.01,Unknown,0,0.0
TAIKO,TAIKO,Bybit,0.01,Unknown,0,0.0
ESE,ESE,Bybit,0.01,Unknown,0,0.0
CITY,CITY,Bybit,0.01,Unknown,0,0.0
HVH,HVH,Bybit,0.01,Unknown,0,0.0
PUFFER,PUFFER,Bybit,0.01,Unknown,0,0.0
ENJ,ENJ,Bybit,0.01,Unknown,0,0.0
SHRAP,SHRAP,Bybit,0.01,Unknown,0,0.0
POKT,POKT,Bybit,0.01,Unknown,0,0.0
USDQ,USDQ,Bybit,0.01,Unknown,0,0.0
BBSOL,BBSOL,Bybit,0.01,Unknown,0,0.0
MVL,MVL,Bybit,0.01,Unknown,0,0.0
HAT,HAT,Bybit,0.01,Unknown,0,0.0
LAYER,LAYER,Bybit,0.01,Unknown,1.56,23.400000000000002
PINEYE,PINEYE,Bybit,0.01,Unknown,0,0.0
FIRE,FIRE,Bybit,0.01,Unknown,0,0.0
SOCIAL,SOCIAL,Bybit,0.01,Unknown,0,0.0
DGB,DGB,Bybit,0.01,Unknown,0,0.0
CATS,CATS,Bybit,0.01,Unknown,0,0.0
ZIL,ZIL,Bybit,0.2,ETH,0.01123304,3.3699120000000002
NUTS,NUTS,Bybit,0.01,Unknown,0,0.0
N3,N3,Bybit,0.01,Unknown,0,0.0
UXLINK,UXLINK,Bybit,0.01,Unknown,0,0.0
RED,RED,Bybit,0.01,Unknown,0,0.0
APEX,APEX,Bybit,0.01,Unknown,0,0.0
FITFI,FITFI,Bybit,0.01,Unknown,0,0.0
LMWR,LMWR,Bybit,0.01,Unknown,0,0.0
HOOK,HOOK,Bybit,0.01,Unknown,0,0.0
MON,MON,Bybit,0.01,Unknown,0,0.0
SAND,SAND,Bybit,0.2,ETH,0.270629,81.18870000000001
CORE,CORE,Bybit,0.01,Unknown,0.501083,7.516244999999999
DEFI,DEFI,Bybit,0.01,Unknown,0,0.0
VPAD,VPAD,Bybit,0.01,Unknown,0,0.0
VELAR,VELAR,Bybit,0.01,Unknown,0,0.0
VIRTUAL,VIRTUAL,Bybit,0.01,Unknown,0.617563,9.263444999999999
ZEREBRO,ZEREBRO,Bybit,0.01,Unknown,0,0.0
SERAPH,SERAPH,Bybit,0.01,Unknown,0,0.0
SWEAT,SWEAT,Bybit,0.01,Unknown,0,0.0
DUEL,DUEL,Bybit,0.01,Unknown,0,0.0
CARV,CARV,Bybit,0.01,Unknown,0,0.0
FLIP,FLIP,Bybit,0.01,Unknown,0,0.0
AGLD,AGLD,Bybit,0.01,Unknown,0,0.0
ME,ME,Bybit,0.01,Unknown,0,0.0
RENDER,RENDER,Bybit,0.01,Unknown,3.51,52.65
NEIRO,NEIRO,Bybit,0.01,Unknown,0,0.0
ORT,ORT,Bybit,0.01,Unknown,0,0.0
ZETA,ZETA,Bybit,0.01,Unknown,0.296568,4.44852
NOT,NOT,Bybit,0.01,Unknown,0.00228258,0.034238700000000004
CATI,CATI,Bybit,0.01,Unknown,0,0.0
PLT,PLT,Bybit,0.01,Unknown,0,0.0
SC,SC,Bybit,0.01,Unknown,0,0.0
ZIG,ZIG,Bybit,0.01,Unknown,0,0.0
PBUX,PBUX,Bybit,0.01,Unknown,0,0.0
LUNAI,LUNAI,Bybit,0.01,Unknown,0,0.0
BTC3L,BTC3L,Bybit,0.01,Unknown,0,0.0
FOXY,FOXY,Bybit,0.01,Unknown,0,0.0
NRN,NRN,Bybit,0.01,Unknown,0,0.0
VELO,VELO,Bybit,0.01,Unknown,0,0.0
AVAIL,AVAIL,Bybit,0.01,Unknown,0,0.0
POPCAT,POPCAT,Bybit,0.01,Unknown,0,0.0
LOOKS,LOOKS,Bybit,0.01,Unknown,0,0.0
APTR,APTR,Bybit,0.01,Unknown,0,0.0
JTO,JTO,Bybit,0.01,Unknown,2.21,33.15
THN,THN,Bybit,0.01,Unknown,0,0.0
PORT3,PORT3,Bybit,0.01,Unknown,0,0.0
UNI,UNI,Bybit,0.01,Unknown,5.94,89.10000000000001
FMB,FMB,Bybit,0.01,Unknown,0,0.0
RAIN,RAIN,Bybit,0.01,Unknown,0,0.0
FIDA,FIDA,Bybit,0.01,Unknown,0,0.0
EXVG,EXVG,Bybit,0.01,Unknown,0,0.0
ZENT,ZENT,Bybit,0.01,Unknown,0,0.0
FLUID,FLUID,Bybit,0.01,Unknown,0,0.0
ELX,ELX,Bybit,0.01,Unknown,0,0.0
FAR,FAR,Bybit,0.01,Unknown,0,0.0
PTU,PTU,Bybit,0.01,Unknown,0,0.0
WAVES,WAVES,Bybit,0.01,Unknown,0,0.0
MYRIA,MYRIA,Bybit,0.01,Unknown,0,0.0
GALAXIS,GALAXIS,Bybit,0.01,Unknown,0,0.0
AERO,AERO,Bybit,0.01,Unknown,0.468886,7.033290000000001
LEVER,LEVER,Bybit,0.01,Unknown,0,0.0
J,J,Bybit,0.01,Unknown,0,0.0
GPS,GPS,Bybit,0.01,Unknown,0,0.0
SNX,SNX,Bybit,0.01,Unknown,0.781399,11.720984999999999
NESS,NESS,Bybit,0.01,Unknown,0,0.0
LFT,LFT,Bybit,0.01,Unknown,0,0.0
AGI,AGI,Bybit,0.01,Unknown,0,0.0
NAVX,NAVX,Bybit,0.01,Unknown,0,0.0
SAROS,SAROS,Bybit,0.01,Unknown,0,0.0
MOZ,MOZ,Bybit,0.01,Unknown,0,0.0
KAIA,KAIA,Bybit,0.01,Unknown,0.103301,1.5495150000000002
MYRO,MYRO,Bybit,0.01,Unknown,0,0.0
USDTB,USDTB,Bybit,0.01,Unknown,0,0.0
FXS,FXS,Bybit,0.01,Unknown,0,0.0
INJ,INJ,Bybit,0.01,Unknown,8.81,132.15
MAJOR,MAJOR,Bybit,0.01,Unknown,0,0.0
NYM,NYM,Bybit,0.01,Unknown,0,0.0
WAL,WAL,Bybit,0.01,Unknown,0.40937,6.140550000000001
B3,B3,Bybit,0.01,Unknown,0,0.0
STETH,STETH,Bybit,0.01,Unknown,1817.64,27264.600000000002
SFUND,SFUND,Bybit,0.01,Unknown,0,0.0
BOB,BOB,Bybit,0.01,Unknown,0,0.0
PENGU,PENGU,Bybit,0.01,Unknown,0.00594224,0.0891336
TST,TST,Bybit,0.01,Unknown,0,0.0
ZTX,ZTX,Bybit,0.01,Unknown,0,0.0
EGO,EGO,Bybit,0.01,Unknown,0,0.0
SATS,SATS,Bybit,0.01,Unknown,0,0.0
AVA,AVA,Bybit,0.01,Unknown,0,0.0
CTC,CTC,Bybit,0.01,Unknown,0.637414,9.56121
ZKL,ZKL,Bybit,0.01,Unknown,0,0.0
BLUR,BLUR,Bybit,0.01,Unknown,0.104295,1.564425
BOBA,BOBA,Bybit,0.01,Unknown,0,0.0
USDD,USDD,Bybit,0.01,Unknown,0.998773,14.981595
MBX,MBX,Bybit,0.01,Unknown,0,0.0
FTT,FTT,Bybit,0.01,Unknown,0,0.0
JUP,JUP,Bybit,0.01,Unknown,0.484509,7.267635
ORDI,ORDI,Bybit,0.01,Unknown,0,0.0
MEMEFI,MEMEFI,Bybit,0.01,Unknown,0,0.0
LTC,LTC,Bybit,0.01,Unknown,86.3,1294.5
KUB,KUB,Bybit,0.01,Unknown,0,0.0
MOVR,MOVR,Bybit,0.01,Unknown,0,0.0
KSM,KSM,Bybit,0.01,Unknown,15.89,238.35
WLKN,WLKN,Bybit,0.01,Unknown,0,0.0
GSTS,GSTS,Bybit,0.01,Unknown,0,0.0
CORN,CORN,Bybit,0.01,Unknown,0,0.0
TNSR,TNSR,Bybit,0.01,Unknown,0,0.0
ELDA,ELDA,Bybit,0.01,Unknown,0,0.0
CRV,CRV,Bybit,0.01,Unknown,0.474856,7.12284
ULTI,ULTI,Bybit,0.01,Unknown,0,0.0
PRCL,PRCL,Bybit,0.01,Unknown,0,0.0
PONKE,PONKE,Bybit,0.01,Unknown,0,0.0
NAKA,NAKA,Bybit,0.01,Unknown,0,0.0
B3TR,B3TR,Bybit,0.01,Unknown,0,0.0
ZEN,ZEN,Bybit,0.01,Unknown,0,0.0
SVL,SVL,Bybit,0.01,Unknown,0,0.0
SPELL,SPELL,Bybit,0.01,Unknown,0,0.0
KDA,KDA,Bybit,0.01,Unknown,0,0.0
CELO,CELO,Bybit,0.01,Unknown,0,0.0
MEE,MEE,Bybit,0.01,Unknown,0,0.0
SOLV,SOLV,Bybit,0.01,Unknown,0,0.0
ALCH,ALCH,Bybit,0.01,Unknown,0,0.0
COT,COT,Bybit,0.01,Unknown,0,0.0
MANTA,MANTA,Bybit,0.01,Unknown,0,0.0
LDO,LDO,Bybit,0.01,Unknown,0.867254,13.008809999999999
GUMMY,GUMMY,Bybit,0.01,Unknown,0,0.0
HBAR,HBAR,Bybit,0.01,Unknown,0.170421,2.556315
FIL,FIL,Bybit,0.01,Unknown,2.77,41.550000000000004
QORPO,QORPO,Bybit,0.01,Unknown,0,0.0
STAR,STAR,Bybit,0.01,Unknown,0,0.0
DEGEN,DEGEN,Bybit,0.01,Unknown,0,0.0
SPEC,SPEC,Bybit,0.01,Unknown,0,0.0
NFT,NFT,Bybit,0.01,Unknown,4.30851e-07,6.4627649999999994e-06
NS,NS,Bybit,0.01,Unknown,0,0.0
ELIX,ELIX,Bybit,0.01,Unknown,0,0.0
KILO,KILO,Bybit,0.01,Unknown,0,0.0
XZK,XZK,Bybit,0.01,Unknown,0,0.0
MORPHO,MORPHO,Bybit,0.01,Unknown,1.25,18.75
CBK,CBK,Bybit,0.01,Unknown,0,0.0
OP,OP,Bybit,0.01,Unknown,0.755293,11.329395
SD,SD,Bybit,0.01,Unknown,0,0.0
CEL,CEL,Bybit,0.01,Unknown,0,0.0
ZEND,ZEND,Bybit,0.01,Unknown,0,0.0
MOG,MOG,Bybit,0.01,Unknown,0,0.0
KON,KON,Bybit,0.01,Unknown,0,0.0
KMNO,KMNO,Bybit,0.01,Unknown,0,0.0
POL,POL,Bybit,0.01,Unknown,0.203592,3.05388
WOO,WOO,Bybit,0.01,Unknown,0,0.0
XION,XION,Bybit,0.01,Unknown,0,0.0
MX,MX,Bybit,0.01,Unknown,2.85,42.75
KAS,KAS,Bybit,0.01,Unknown,0.064568,0.96852
AEVO,AEVO,Bybit,0.01,Unknown,0,0.0
DBR,DBR,Bybit,0.01,Unknown,0,0.0
ONE,ONE,Bybit,0.01,Unknown,0,0.0
MCRT,MCRT,Bybit,0.01,Unknown,0,0.0
ETH3S,ETH3S,Bybit,0.01,Unknown,0,0.0
KRO,KRO,Bybit,0.01,Unknown,0,0.0
GMX,GMX,Bybit,0.01,Unknown,0,0.0
TRVL,TRVL,Bybit,0.01,Unknown,0,0.0
VVV,VVV,Bybit,0.01,Unknown,0,0.0
SUI,SUI,Bybit,0.01,Unknown,2.35,35.25
MV,MV,Bybit,0.01,Unknown,0,0.0
GODS,GODS,Bybit,0.01,Unknown,0,0.0
ENA,ENA,Bybit,0.01,Unknown,0.371676,5.57514
APT,APT,Bybit,0.01,Unknown,5.38,80.7
DEEP,DEEP,Bybit,0.01,Unknown,0,0.0
AVL,AVL,Bybit,0.01,Unknown,0,0.0
VRA,VRA,Bybit,0.01,Unknown,0,0.0
WIF,WIF,Bybit,0.01,Unknown,0.440423,6.606345
MAK,MAK,Bybit,0.01,Unknown,0,0.0
VPR,VPR,Bybit,0.01,Unknown,0,0.0
NLK,NLK,Bybit,0.01,Unknown,0,0.0
USDY,USDY,Bybit,0.01,Unknown,1.1,16.500000000000004
CTT,CTT,Bybit,0.01,Unknown,0,0.0
IMX,IMX,Bybit,0.01,Unknown,0.540514,8.10771
RPK,RPK,Bybit,0.01,Unknown,0,0.0
GST,GST,Bybit,0.01,Unknown,0,0.0
PERP,PERP,Bybit,0.01,Unknown,0,0.0
SON,SON,Bybit,0.01,Unknown,0,0.0
BCH,BCH,Bybit,0.01,Unknown,302.49,4537.35
ZERO,ZERO,Bybit,0.01,Unknown,0,0.0
XCAD,XCAD,Bybit,0.01,Unknown,0,0.0
PARTI,PARTI,Bybit,0.01,Unknown,0,0.0
GENE,GENE,Bybit,0.01,Unknown,0,0.0
ARB,ARB,Bybit,0.01,Unknown,0.333537,5.003055
MNT,MNT,Bybit,0.01,Unknown,0.793111,11.896665
METH,METH,Bybit,0.01,Unknown,1931.16,28967.4
ALT,ALT,Bybit,0.01,Unknown,0,0.0
SCA,SCA,Bybit,0.01,Unknown,0,0.0
LAVA,LAVA,Bybit,0.01,Unknown,0,0.0
MNRY,MNRY,Bybit,0.01,Unknown,0,0.0
F,F,Bybit,0.01,Unknown,0,0.0
STG,STG,Bybit,0.01,Unknown,0,0.0
TRC,TRC,Bybit,0.01,Unknown,0,0.0
XEC,XEC,Bybit,0.01,Unknown,2.009e-05,0.00030135
SOSO,SOSO,Bybit,0.01,Unknown,0,0.0
CLOUD,CLOUD,Bybit,0.01,Unknown,0,0.0
BTT,BTT,Bybit,0.01,Unknown,6.75971e-07,1.0139565000000001e-05
AGLA,AGLA,Bybit,0.01,Unknown,0,0.0
MOVE,MOVE,Bybit,0.01,Unknown,0.431589,6.473835
MBS,MBS,Bybit,0.01,Unknown,0,0.0
TOKEN,TOKEN,Bybit,0.01,Unknown,0,0.0
MINA,MINA,Bybit,0.01,Unknown,0.244998,3.67497
EGP1,EGP1,Bybit,0.01,Unknown,0,0.0
VANA,VANA,Bybit,0.01,Unknown,0,0.0
ZEX,ZEX,Bybit,0.01,Unknown,0,0.0
BONK,BONK,Bybit,0.01,Unknown,1.139e-05,0.00017085
MERL,MERL,Bybit,0.01,Unknown,0,0.0
TAP,TAP,Bybit,0.01,Unknown,0,0.0
ANKR,ANKR,Bybit,0.01,Unknown,0,0.0
GALA,GALA,Bybit,0.01,Unknown,0.01551764,0.23276460000000002
MODE,MODE,Bybit,0.01,Unknown,0,0.0
AARK,AARK,Bybit,0.01,Unknown,0,0.0
THETA,THETA,Bybit,0.01,Unknown,0.821515,12.322725
SIDUS,SIDUS,Bybit,0.01,Unknown,0,0.0
PRIME,PRIME,Bybit,0.01,Unknown,0,0.0
MEME,MEME,Bybit,0.01,Unknown,0,0.0
IP,IP,Bybit,0.01,Unknown,5.26,78.9
NEIROCTO,NEIROCTO,Bybit,0.01,Unknown,0,0.0
HTX,HTX,Bybit,0.01,Unknown,0,0.0
ETHW,ETHW,Bybit,0.01,Unknown,0,0.0
5IRE,5IRE,Bybit,0.01,Unknown,0,0.0
TEL,TEL,Bybit,0.01,Unknown,0.00495796,0.0743694
DLC,DLC,Bybit,0.01,Unknown,0,0.0
ARKM,ARKM,Bybit,0.01,Unknown,0.546928,8.20392
LL,LL,Bybit,0.01,Unknown,0,0.0
DMAIL,DMAIL,Bybit,0.01,Unknown,0,0.0
BRAWL,BRAWL,Bybit,0.01,Unknown,0,0.0
SQT,SQT,Bybit,0.01,Unknown,0,0.0
BICO,BICO,Bybit,0.01,Unknown,0,0.0
PYUSD,PYUSD,Bybit,0.01,Unknown,0.999887,14.998305
CHZ,CHZ,Bybit,0.01,Unknown,0.04221656,0.6332484
JST,JST,Bybit,0.01,Unknown,0.03086259,0.46293884999999996
BONUS,BONUS,Bybit,0.01,Unknown,0,0.0
WBTC,WBTC,Bybit,0.01,Unknown,82476,1237140.0
BNB,BNB,Bybit,0.01,Unknown,603.45,9051.750000000002
MOCA,MOCA,Bybit,0.01,Unknown,0,0.0
FLT,FLT,Bybit,0.01,Unknown,0,0.0
PSG,PSG,Bybit,0.01,Unknown,0,0.0
XAVA,XAVA,Bybit,0.01,Unknown,0,0.0
XAI,XAI,Bybit,0.01,Unknown,0,0.0
DYM,DYM,Bybit,0.01,Unknown,0,0.0
BABYDOGE,BABYDOGE,Bybit,0.01,Unknown,0,0.0
PNUT,PNUT,Bybit,0.01,Unknown,0,0.0
AIOZ,AIOZ,Bybit,0.01,Unknown,0.251924,3.77886
APRS,APRS,Bybit,0.01,Unknown,0,0.0
PAAL,PAAL,Bybit,0.01,Unknown,0,0.0
SAFE,SAFE,Bybit,0.01,Unknown,0.551944,8.27916
FLR,FLR,Bybit,0.01,Unknown,0.01325201,0.19878015000000002
MAVIA,MAVIA,Bybit,0.01,Unknown,0,0.0
PYTH,PYTH,Bybit,0.01,Unknown,0.147583,2.213745
TRUMP,TRUMP,Bybit,0.01,Unknown,10.17,152.55
DOP1,DOP1,Bybit,0.01,Unknown,0,0.0
CAKE,CAKE,Bybit,0.01,Unknown,2.0,30.0
ZRX,ZRX,Bybit,0.01,Unknown,0,0.0
GALFT,GALFT,Bybit,0.01,Unknown,0,0.0
JEFF,JEFF,Bybit,0.01,Unknown,0,0.0
OBT,OBT,Bybit,0.01,Unknown,0,0.0
PEOPLE,PEOPLE,Bybit,0.01,Unknown,0,0.0
TAI,TAI,Bybit,0.01,Unknown,0,0.0
BR,BR,Bybit,0.01,Unknown,0,0.0
SEILOR,SEILOR,Bybit,0.01,Unknown,0,0.0
BEL,BEL,Bybit,0.01,Unknown,0,0.0
DAI,DAI,Bybit,0.01,Unknown,0.999829,14.997435000000001
SSV,SSV,Bybit,0.01,Unknown,0,0.0
G,G,Bybit,0.01,Unknown,0,0.0
COMP,COMP,Bybit,0.01,Unknown,39.21,588.15
TUSD,TUSD,Bybit,0.01,Unknown,0.997626,14.964390000000002
SWELL,SWELL,Bybit,0.01,Unknown,0,0.0
AMI,AMI,Bybit,0.01,Unknown,0,0.0
STOP,STOP,Bybit,0.01,Unknown,0,0.0
PPT,PPT,Bybit,0.01,Unknown,0,0.0
BCUT,BCUT,Bybit,0.01,Unknown,0,0.0
TENET,TENET,Bybit,0.01,Unknown,0,0.0
GRASS,GRASS,Bybit,0.01,Unknown,1.69,25.35
OIK,OIK,Bybit,0.01,Unknown,0,0.0
LUNC,LUNC,Bybit,0.01,Unknown,6.13e-05,0.0009195000000000001
GTAI,GTAI,Bybit,0.01,Unknown,0,0.0
C98,C98,Bybit,0.01,Unknown,0,0.0
AEG,AEG,Bybit,0.01,Unknown,0,0.0
AI16Z,AI16Z,Bybit,0.01,Unknown,0,0.0
EGLD,EGLD,Bybit,0.01,Unknown,16.62,249.3
SUNDOG,SUNDOG,Bybit,0.01,Unknown,0,0.0
ZKJ,ZKJ,Bybit,0.01,Unknown,0,0.0
MASK,MASK,Bybit,0.01,Unknown,2.18,32.7
VIC,VIC,Bybit,0.01,Unknown,0,0.0
TIA,TIA,Bybit,0.01,Unknown,3.28,49.2
ICX,ICX,Bybit,0.01,Unknown,0,0.0
X,X,Bybit,0.01,Unknown,0,0.0
BB,BB,Bybit,0.01,Unknown,0,0.0
MPLX,MPLX,Bybit,0.01,Unknown,0,0.0
ACA,ACA,Bybit,0.01,Unknown,0,0.0
CMETH,CMETH,Bybit,0.01,Unknown,1932.98,28994.7
DOME,DOME,Bybit,0.01,Unknown,0,0.0
RDNT,RDNT,Bybit,0.01,Unknown,0,0.0
CAPS,CAPS,Bybit,0.01,Unknown,0,0.0
LADYS,LADYS,Bybit,0.01,Unknown,0,0.0
AR,AR,Bybit,0.01,Unknown,6.5,97.5
CSPR,CSPR,Bybit,0.01,Unknown,0,0.0
SQR,SQR,Bybit,0.01,Unknown,0,0.0
FET,FET,Bybit,0.01,Unknown,0.474855,7.122825000000001
XAR,XAR,Bybit,0.01,Unknown,0,0.0
VENOM,VENOM,Bybit,0.01,Unknown,0.116096,1.74144
PIXFI,PIXFI,Bybit,0.01,Unknown,0,0.0
ERTHA,ERTHA,Bybit,0.01,Unknown,0,0.0
COOKIE,COOKIE,Bybit,0.01,Unknown,0,0.0
HFT,HFT,Bybit,0.01,Unknown,0,0.0
UMA,UMA,Bybit,0.01,Unknown,0,0.0
STX,STX,Bybit,0.01,Unknown,0.622717,9.340755
RPL,RPL,Bybit,0.01,Unknown,0,0.0
SOLO,SOLO,Bybit,0.01,Unknown,0,0.0
ATH,ATH,Bybit,0.01,Unknown,0.03043723,0.45655845
AXS,AXS,Bybit,0.01,Unknown,2.94,44.1
RUNE,RUNE,Bybit,0.01,Unknown,1.13,16.95
FLOW,FLOW,Bybit,0.2,ETH,0.383754,115.1262
WWY,WWY,Bybit,0.01,Unknown,0,0.0
XYM,XYM,Bybit,0.01,Unknown,0,0.0
SPX,SPX,Bybit,0.01,Unknown,0.449487,6.742305
QTUM,QTUM,Bybit,0.2,ETH,0,0.0
SIS,SIS,Bybit,0.01,Unknown,0,0.0
LIS,LIS,Bybit,0.01,Unknown,0,0.0
PELL,PELL,Bybit,0.01,Unknown,0,0.0
AFC,AFC,Bybit,0.01,Unknown,0,0.0
MLK,MLK,Bybit,0.01,Unknown,0,0.0
CPOOL,CPOOL,Bybit,0.01,Unknown,0,0.0
AKI,AKI,Bybit,0.01,Unknown,0,0.0
SEOR,SEOR,Bybit,0.01,Unknown,0,0.0
XETA,XETA,Bybit,0.01,Unknown,0,0.0
PEPE,PEPE,Bybit,0.01,Unknown,7.06e-06,0.00010590000000000001
BBQ,BBQ,Bybit,0.01,Unknown,0,0.0
HPOS10I,HPOS10I,Bybit,0.01,Unknown,0,0.0
MXM,MXM,Bybit,0.01,Unknown,0,0.0
DRIFT,DRIFT,Bybit,0.01,Unknown,0,0.0
FMC,FMC,Bybit,0.01,Unknown,0,0.0
SCR,SCR,Bybit,0.01,Unknown,0,0.0
WEMIX,WEMIX,Bybit,0.01,Unknown,0.523787,7.8568050000000005
CYBER,CYBER,Bybit,0.01,Unknown,0,0.0
ZK,ZK,Bybit,0.01,Unknown,0.067626,1.0143900000000001
MOJO,MOJO,Bybit,0.01,Unknown,0,0.0
STREAM,STREAM,Bybit,0.01,Unknown,0,0.0
SUN,SUN,Bybit,0.01,Unknown,0,0.0
COOK,COOK,Bybit,0.01,Unknown,0,0.0
NIBI,NIBI,Bybit,0.01,Unknown,0,0.0
NYAN,NYAN,Bybit,0.01,Unknown,0,0.0
XDC,XDC,Bybit,0.01,Unknown,0.067004,1.0050599999999998
ID,ID,Bybit,0.01,Unknown,0,0.0
OBX,OBX,Bybit,0.01,Unknown,0,0.0
BAT,BAT,Bybit,0.2,ETH,0,0.0
OAS,OAS,Bybit,0.01,Unknown,0,0.0
KARATE,KARATE,Bybit,0.01,Unknown,0,0.0
PENDLE,PENDLE,Bybit,0.01,Unknown,2.51,37.65
BMT,BMT,Bybit,0.01,Unknown,0,0.0
KCAL,KCAL,Bybit,0.01,Unknown,0,0.0
WELL,WELL,Bybit,0.01,Unknown,0,0.0
VRTX,VRTX,Bybit,0.01,Unknown,0,0.0
IZI,IZI,Bybit,0.01,Unknown,0,0.0
SUSHI,SUSHI,Bybit,0.01,Unknown,0,0.0
NEXO,NEXO,Bybit,0.01,Unknown,1.072,16.080000000000002
RVN,RVN,Bybit,0.01,Unknown,0,0.0
SUPRA,SUPRA,Bybit,0.01,Unknown,0,0.0
L3,L3,Bybit,0.01,Unknown,0,0.0
KASTA,KASTA,Bybit,0.01,Unknown,0,0.0
VEXT,VEXT,Bybit,0.01,Unknown,0,0.0
INTER,INTER,Bybit,0.01,Unknown,0,0.0
ROOT,ROOT,Bybit,0.01,Unknown,0,0.0
PUFF,PUFF,Bybit,0.01,Unknown,0,0.0
VINU,VINU,Bybit,0.01,Unknown,0,0.0
PIP,PIP,Bybit,0.01,Unknown,0,0.0
LGX,LGX,Bybit,0.01,Unknown,0,0.0
OMNI,OMNI,Bybit,0.01,Unknown,0,0.0
KAVA,KAVA,Bybit,0.01,Unknown,0.426248,6.393720000000001
STAT,STAT,Bybit,0.01,Unknown,0,0.0
SPARTA,SPARTA,Bybit,0.01,Unknown,0,0.0
HNT,HNT,Bybit,0.01,Unknown,3.22,48.300000000000004
EIGEN,EIGEN,Bybit,0.01,Unknown,0.94741,14.21115
ZRC,ZRC,Bybit,0.01,Unknown,0,0.0
DSRUN,DSRUN,Bybit,0.01,Unknown,0,0.0
GLMR,GLMR,Bybit,0.01,Unknown,0,0.0
TON,TON,Bybit,0.01,Unknown,3.81,57.15
IO,IO,Bybit,0.01,Unknown,0,0.0
OM,OM,Bybit,0.01,Unknown,6.26,93.9
INSP,INSP,Bybit,0.01,Unknown,0,0.0
GSWIFT,GSWIFT,Bybit,0.01,Unknown,0,0.0
DIAM,DIAM,Bybit,0.01,Unknown,0,0.0
ORDER,ORDER,Bybit,0.01,Unknown,0,0.0
BEAM,BEAM,Bybit,0.01,Unknown,0.00745496,0.1118244
SQD,SQD,Bybit,0.01,Unknown,0,0.0
RACA,RACA,Bybit,0.01,Unknown,0,0.0
SEND,SEND,Bybit,0.01,Unknown,0,0.0
HLG,HLG,Bybit,0.01,Unknown,0,0.0
ARTY,ARTY,Bybit,0.01,Unknown,0,0.0
TOSHI,TOSHI,Bybit,0.01,Unknown,0,0.0
WAXP,WAXP,Bybit,0.01,Unknown,0,0.0
AIXBT,AIXBT,Bybit,0.01,Unknown,0,0.0
REAL,REAL,Bybit,0.01,Unknown,0,0.0
USTC,USTC,Bybit,0.01,Unknown,0,0.0
XEM,XEM,Bybit,0.01,Unknown,0,0.0
AXL,AXL,Bybit,0.01,Unknown,0.372052,5.58078
MBOX,MBOX,Bybit,0.01,Unknown,0,0.0
CTA,CTA,Bybit,0.01,Unknown,0,0.0
PSTAKE,PSTAKE,Bybit,0.01,Unknown,0,0.0
BTC3S,BTC3S,Bybit,0.01,Unknown,0,0.0
KCS,KCS,Bybit,0.01,Unknown,11.05,165.75
ETH3L,ETH3L,Bybit,0.01,Unknown,0,0.0
JUV,JUV,Bybit,0.01,Unknown,0,0.0
OL,OL,Bybit,0.01,Unknown,0,0.0
FLOCK,FLOCK,Bybit,0.01,Unknown,0,0.0
TWT,TWT,Bybit,0.01,Unknown,0.868326,13.024890000000001
MDAO,MDAO,Bybit,0.01,Unknown,0,0.0
WEN,WEN,Bybit,0.01,Unknown,0,0.0
MSTAR,MSTAR,Bybit,0.01,Unknown,0,0.0
GMT,GMT,Bybit,0.01,Unknown,0,0.0
OMG,OMG,Bybit,0.01,Unknown,0,0.0
REN,REN,Bybit,0.01,Unknown,0,0.0
ENS,ENS,Bybit,0.01,Unknown,15.91,238.65
ANIME,ANIME,Bybit,0.01,Unknown,0,0.0
RATS,RATS,Bybit,0.01,Unknown,0,0.0
FLOKI,FLOKI,Bybit,0.01,Unknown,5.839e-05,0.00087585
VANRY,VANRY,Bybit,0.01,Unknown,0,0.0
MEW,MEW,Bybit,0.01,Unknown,0.00266714,0.0400071
MAGIC,MAGIC,Bybit,0.01,Unknown,0,0.0
ODOS,ODOS,Bybit,0.01,Unknown,0,0.0
EVER,EVER,Bybit,0.01,Unknown,0,0.0
HMSTR,HMSTR,Bybit,0.01,Unknown,0,0.0
AAVE,AAVE,Bybit,0.01,Unknown,164.97,2474.55
TIME,TIME,Bybit,0.01,Unknown,0,0.0
NEON,NEON,Bybit,0.01,Unknown,0,0.0
PIRATE,PIRATE,Bybit,0.01,Unknown,0,0.0
CATBNB,CATBNB,Bybit,0.01,Unknown,0,0.0
A8,A8,Bybit,0.01,Unknown,0,0.0
DYDX,DYDX,Bybit,0.01,Unknown,0.648376,9.72564
DOGS,DOGS,Bybit,0.01,Unknown,0,0.0
MIX,MIX,Bybit,0.01,Unknown,0,0.0
PLUME,PLUME,Bybit,0.01,Unknown,0.176581,2.6487149999999997
JASMY,JASMY,Bybit,0.01,Unknown,0.0110841,0.1662615
G7,G7,Bybit,0.01,Unknown,0,0.0
1SOL,1SOL,Bybit,0.01,Unknown,0,0.0
ROSE,ROSE,Bybit,0.01,Unknown,0,0.0
ROAM,ROAM,Bybit,0.01,Unknown,0,0.0
ACH,ACH,Bybit,0.01,Unknown,0,0.0
COQ,COQ,Bybit,0.01,Unknown,0,0.0
ZRO,ZRO,Bybit,0.01,Unknown,2.81,42.15
BAN,BAN,Bybit,0.01,Unknown,0,0.0
BOME,BOME,Bybit,0.01,Unknown,0,0.0
YFI,YFI,Bybit,0.01,Unknown,0,0.0
GOAT,GOAT,Bybit,0.01,Unknown,0,0.0
ROND,ROND,Bybit,0.01,Unknown,0,0.0
LUCE,LUCE,Bybit,0.01,Unknown,0,0.0
RSS3,RSS3,Bybit,0.01,Unknown,0,0.0
DICE,DICE,Bybit,0.01,Unknown,0,0.0
THRUST,THRUST,Bybit,0.01,Unknown,0,0.0
LRC,LRC,Bybit,0.01,Unknown,0,0.0
APE,APE,Bybit,0.01,Unknown,0.477206,7.158090000000001
TURBOS,TURBOS,Bybit,0.01,Unknown,0,0.0
G3,G3,Bybit,0.01,Unknown,0,0.0
FUEL,FUEL,Bybit,0.01,Unknown,0,0.0
QNT,QNT,Bybit,0.01,Unknown,69.72,1045.8
EOS,EOS,Bybit,0.01,Unknown,0.590895,8.863425
MASA,MASA,Bybit,0.01,Unknown,0,0.0
SCRT,SCRT,Bybit,0.01,Unknown,0,0.0
STRK,STRK,Bybit,0.01,Unknown,0.151307,2.269605
BBL,BBL,Bybit,0.01,Unknown,0,0.0
TOMI,TOMI,Bybit,0.01,Unknown,0,0.0
AFG,AFG,Bybit,0.01,Unknown,0,0.0
CHILLGUY,CHILLGUY,Bybit,0.01,Unknown,0,0.0
ETHFI,ETHFI,Bybit,0.01,Unknown,0,0.0
SLP,SLP,Bybit,0.01,Unknown,0,0.0
S,S,Bybit,0.01,Unknown,0.498028,7.470420000000001
USDE,USDE,Bybit,0.01,Unknown,1.0,15.0
SONIC,SONIC,Bybit,0.01,Unknown,0,0.0
BERA,BERA,Bybit,0.01,Unknown,7.32,109.8
ACS,ACS,Bybit,0.01,Unknown,0,0.0
1INCH,1INCH,Bybit,0.01,Unknown,0.189902,2.8485300000000002
PURSE,PURSE,Bybit,0.01,Unknown,0,0.0
ICP,ICP,Bybit,0.01,Unknown,5.36,80.4
LUNA,LUNA,Bybit,0.01,Unknown,0,0.0
W,W,Bybit,0.01,Unknown,0.084851,1.272765
